buy_ret5d_max,sharpe,total_return,mdd,win_rate,pf,trades,sharpe_2023,sharpe_2024,sharpe_2025,sharpe_2026
,-0.32996671723158516,-0.21769404738631337,0.35306295216694245,0.3508771929824561,0.8219001014909418,57,0.0,-0.41861739641696444,-0.022537000032266614,-0.7949113812095427
70.0,-0.32996671723158516,-0.21769404738631337,0.35306295216694245,0.3508771929824561,0.8219001014909418,57,0.0,-0.41861739641696444,-0.022537000032266614,-0.7949113812095427
50.0,-0.32996671723158516,-0.21769404738631337,0.35306295216694245,0.3508771929824561,0.8219001014909418,57,0.0,-0.41861739641696444,-0.022537000032266614,-0.7949113812095427
40.0,-0.32996671723158516,-0.21769404738631337,0.35306295216694245,0.3508771929824561,0.8219001014909418,57,0.0,-0.41861739641696444,-0.022537000032266614,-0.7949113812095427
30.0,-0.28072875740835784,-0.17193479336254835,0.35306295216694245,0.3508771929824561,0.8550461814593957,57,0.0,-0.41861739641696444,-0.022537000032266614,-0.6551803266601155
25.0,-0.2452402529193041,-0.15095629492187382,0.35306295216694245,0.35714285714285715,0.8709037176374818,56,0.0,-0.41861739641696444,-0.022537000032266614,-0.5045871146144417
20.0,-0.2442280274975383,-0.15095221261031105,0.3530034272436039,0.35714285714285715,0.8713397348127041,56,0.0,-0.41861739641696444,-0.02055815029599396,-0.5050203859555518
15.0,-0.3949507446480813,-0.2508950712754057,0.3814047862068128,0.35185185185185186,0.7925779826590053,54,0.0,-0.41861739641696444,-0.02055815029599396,-0.9738091983116365
10.0,-0.2815427320717584,-0.16541569765959174,0.30065377629623685,0.34615384615384615,0.8552776883239879,52,0.0,-0.46700599564831746,-0.1527789547624643,-0.4128173506226601
