value_w,momentum_w,quality_w,growth_w,total_return,annualized_return,sharpe_ratio,max_drawdown,win_rate,profit_factor,total_trades,final_value
0.3,0.25,0.2,0.25,202.35072973450005,4.48413213471548,10.632523934062105,0.21612953091109013,0.5111940298507462,1.5770085100126163,1608,10167536486.725002
0.25,0.35,0.15,0.25,260.07342277676156,4.940943045451645,10.630951884176392,0.38627986209087967,0.46658206429780036,1.514705602419292,2364,13053671138.83808
0.25,0.45,0.05,0.25,259.86523609709434,4.939425683385639,10.284108175078398,0.23617066750232,0.4408921933085502,1.4590207117083898,2690,13043261804.854717
0.4,0.25,0.15,0.2,152.22453746281957,4.008980573899552,10.270841077079973,0.16480456815874242,0.498546511627907,1.8373870363356,1376,7661226873.140979
0.3,0.3,0.2,0.2,166.67576327522212,4.1556418036618625,10.104411385701983,0.1599089386231874,0.50293542074364,1.6651127128419272,1533,8383788163.7611065
0.4,0.35,0.05,0.2,260.58941402011436,4.944700288927387,10.015005853976804,0.3846547397963888,0.4638704318936877,1.6198087226633542,2408,13079470701.005718
0.2,0.5,0.05,0.25,224.18703023093747,4.6662033985936455,9.906002628761437,0.23484148657928836,0.44575211474806914,1.5455024635444747,2719,11259351511.546873
0.05,0.5,0.25,0.2,189.2926341312065,4.368815106590494,9.85308670873006,0.1613825270293266,0.4576271186440678,1.5267017076526708,2419,9514631706.560326
0.4,0.2,0.15,0.25,148.20368558865962,3.966510909008698,9.731869049436098,0.16958177305713296,0.5054869684499315,1.6946983911406137,1458,7460184279.432981
0.35,0.25,0.15,0.25,163.96209537801204,4.128776040037895,9.606205123801859,0.2400564418723645,0.4840137727496311,1.659794873522682,2033,8248104768.900602
0.35,0.3,0.1,0.25,196.93438124306596,4.436929321371586,9.553605057146719,0.35363321638126327,0.4609141392567279,1.6819514694320206,2341,9896719062.153297
0.0,0.45,0.3,0.25,144.62133963156825,3.928012476181399,9.54291269607459,0.20955059645077506,0.45915246832678025,1.6571340393509488,2289,7281066981.578412
0.1,0.5,0.15,0.25,200.86574344066207,4.471276560205583,9.508686066989348,0.2806410971817948,0.4428730926684034,1.4465386994080291,2687,10093287172.033104
0.0,0.5,0.3,0.2,152.67224112015185,4.0136623070217,9.40183958681898,0.20135967219457238,0.46033129904097647,1.608774807886855,2294,7683612056.007592
0.25,0.5,0.05,0.2,204.4496541790344,4.502194192970005,9.398699616690577,0.2255884925264367,0.4403462551750094,1.488146628077457,2657,10272482708.951721
0.0,0.45,0.4,0.15,134.19686306274815,3.8121876049680825,9.35814695339017,0.17539857692450753,0.47543859649122805,1.785542503587524,1710,6759843153.137407
0.0,0.45,0.35,0.2,127.42623420440529,3.7336691055601214,9.213028713948516,0.15836183900896944,0.4626262626262626,1.7107933075912483,1980,6421311710.220264
0.4,0.3,0.05,0.25,216.20745722609672,4.601121703740487,9.179852880934495,0.45273927833904787,0.4569397993311037,1.5316652321265118,2392,10860372861.304836
0.05,0.5,0.2,0.25,149.87199084485965,3.9842254444795584,9.002469185447584,0.156033091334321,0.45051194539249145,1.4087571114875421,2637,7543599542.242983
0.2,0.4,0.15,0.25,172.4771068624412,4.212100014962501,8.989227107032601,0.24935809012482874,0.4594594594594595,1.4819040300962012,2479,8673855343.122059
0.0,0.4,0.35,0.25,115.58769504137109,3.589327254288123,8.986207928379251,0.16614010383295758,0.46593186372745493,1.6385308305036932,1996,5829384752.068555
0.3,0.35,0.1,0.25,167.88933960812423,4.16756080760481,8.89053459814647,0.3811059189411954,0.4573547589616811,1.6117518965763233,2427,8444466980.406212
0.3,0.3,0.15,0.25,140.0364070794396,3.877788465563305,8.820846133233124,0.31727945970620614,0.47192028985507245,1.5288268780698053,2208,7051820353.971981
0.2,0.5,0.1,0.2,151.470774785616,4.001077263563,8.695647452852606,0.2942409727259305,0.4417065097462302,1.4019953376443164,2719,7623538739.280799
0.2,0.45,0.1,0.25,149.821607659363,3.9836924167657806,8.677397630483219,0.22849027650743034,0.44035346097201766,1.4221985501849446,2716,7541080382.968149
0.05,0.45,0.25,0.25,128.73671886207717,3.7490826158560004,8.614795838403529,0.20191313869723046,0.4533169533169533,1.5511209581756171,2442,6486835943.103859
0.15,0.5,0.15,0.2,143.47686685500275,3.9155775911947392,8.533713752874887,0.2003598498040754,0.44822429906542055,1.3709549358481266,2675,7223843342.750138
0.3,0.35,0.2,0.15,111.54866340752407,3.5378063073856136,8.501687865863662,0.2069973191033414,0.4893203883495146,1.5791173208801197,1545,5627433170.376204
0.2,0.35,0.25,0.2,107.82092366588917,3.489128546694382,8.424864059428161,0.16298094480769387,0.4920728126834997,1.5204721928437384,1703,5441046183.294458
0.4,0.25,0.1,0.25,113.84862119672785,3.5672952012849493,8.344925665805114,0.32308505583583036,0.46860782529572337,1.574955735699984,2198,5742431059.836392
0.0,0.5,0.25,0.25,111.65463219895297,3.539173943206695,8.272688277038727,0.1749215441668217,0.4507097791798107,1.5025680779042199,2536,5632731609.947648
0.4,0.35,0.1,0.15,109.72793206575369,3.5141699514600333,8.222727563617383,0.3439457851313732,0.46744499326448136,1.6574109864464681,2227,5536396603.287684
0.35,0.35,0.05,0.25,141.3612672782141,3.8924138056669983,8.20067928833546,0.4501228899964321,0.45454545454545453,1.4214356639261476,2453,7118063363.910704
0.35,0.4,0.05,0.2,143.9892275661457,3.921152722477199,8.18254110358029,0.30514523415203115,0.45454545454545453,1.417675635136764,2464,7249461378.307285
0.15,0.45,0.15,0.25,124.45951072332443,3.698376137993658,8.14524438531464,0.21288423203692014,0.44871316672883255,1.3818205215466757,2681,6272975536.166222
0.2,0.5,0.2,0.1,122.15579904243062,3.670577194215171,8.123976973327947,0.26317623967155584,0.47584887613582016,1.5797520654145796,2091,6157789952.121531
0.3,0.45,0.1,0.15,137.22333602819634,3.846421990975993,8.0601624874459,0.33757420236699465,0.4575645756457565,1.4990959552476704,2439,6911166801.409817
0.25,0.4,0.15,0.2,122.83268939076542,3.678781658390877,8.04416159579093,0.37384831732734275,0.459656652360515,1.5697497152691984,2330,6191634469.538271
0.15,0.3,0.3,0.25,80.84190557922311,3.097709338696566,8.040418796557306,0.1732502709869506,0.4905778894472362,1.5453214217953404,1592,4092095278.9611554
0.35,0.3,0.15,0.2,108.50691566878565,3.498170582529374,8.02592021317006,0.2847544760316919,0.4792079207920792,1.5670197660554075,2020,5475345783.439282
0.3,0.35,0.15,0.2,106.02472371394992,3.465267883606362,8.007792774408816,0.2763988477202008,0.46994033960532355,1.5435598849034935,2179,5351236185.697496
0.25,0.5,0.1,0.15,139.49077629155326,3.871738006151973,7.995704174138056,0.33006157683044707,0.4536779324055666,1.441751821291766,2515,7024538814.577663
0.05,0.35,0.35,0.25,91.80462977511385,3.266014229976709,7.9803097401833565,0.17140888137260407,0.4721311475409836,1.7485189591720767,1830,4640231488.7556925
0.0,0.5,0.35,0.15,81.487286754047,3.108028562368786,7.919919594935927,0.18318405261490125,0.45431078988125967,1.637567135618024,1937,4124364337.70235
0.25,0.4,0.1,0.25,139.70492175875123,3.8741145505627825,7.906197282989294,0.337840872478212,0.45256358498183286,1.5144015855181432,2477,7035246087.937562
0.1,0.45,0.2,0.25,103.04512798586374,3.425079404999855,7.836767880975019,0.20130951145907633,0.4624505928853755,1.4097541419197273,2530,5202256399.293187
0.0,0.35,0.4,0.25,84.77506182911245,3.1597630429972643,7.759912968281274,0.2308723084376516,0.4709639953542393,1.569963061420637,1722,4288753091.455622
0.3,0.4,0.1,0.2,121.54498324243966,3.6631472541576837,7.7456384439303845,0.28052486593800563,0.45300906842539157,1.4979031189043357,2426,6127249162.121983
0.2,0.3,0.25,0.25,91.47278198350317,3.2611238120418706,7.735743596030619,0.183863684384152,0.4923251847640705,1.5396853497715557,1759,4623639099.1751585
0.4,0.4,0.05,0.15,122.48031221322037,3.674514374105698,7.71432535770418,0.22693536767169759,0.45734498543487306,1.4722544142376164,2403,6174015610.661018
0.25,0.45,0.1,0.2,120.73978021103198,3.653314227105284,7.700433525332408,0.4070018541163337,0.4525518341307815,1.519912963542124,2508,6086989010.5515995
0.0,0.4,0.4,0.2,78.16934907183204,3.054378100503059,7.60916572467816,0.21737210280049699,0.47332185886402756,1.69317418178783,1743,3958467453.5916023
0.35,0.35,0.15,0.15,100.34953635689628,3.388041802010303,7.593434896951769,0.3377685309071603,0.47592778335005015,1.5891969859628303,1994,5067476817.844814
0.2,0.45,0.2,0.15,98.26822080257736,3.358983599945014,7.590817007490627,0.26126856767568235,0.4665725047080979,1.4923285287791788,2124,4963411040.128868
0.25,0.4,0.2,0.15,87.51135712146838,3.2018013085522874,7.474085154451459,0.22078845595691135,0.48091603053435117,1.6448492423847272,1965,4425567856.073419
0.1,0.45,0.25,0.2,95.03006433753033,3.3129392511271583,7.472005730442645,0.24486154099683569,0.46495956873315364,1.4588762185694082,2226,4801503216.876516
0.35,0.35,0.1,0.2,95.6233111667858,3.321452936850882,7.471152267799173,0.39356368036856587,0.4568593615185505,1.5387854523716935,2318,4831165558.33929
0.4,0.45,0.1,0.05,73.20182005754461,2.971119175958869,7.364124710645377,0.3436069823570483,0.4649833253930443,1.5306706891730708,2099,3710091002.87723
0.0,0.5,0.4,0.1,70.70059266939137,2.927756112675048,7.338187065155748,0.15848740026374467,0.467595396729255,1.7262164407388432,1651,3585029633.4695683
0.25,0.3,0.2,0.25,92.21745920163225,3.272081503826917,7.323897370094532,0.2558931237484558,0.4673489278752437,1.6166753575936705,2052,4660872960.081613
0.3,0.45,0.15,0.1,80.29162246054493,3.088866889809161,7.320184903074007,0.2953711891568688,0.46536494653649463,1.5094984599863022,2151,4064581123.0272465
0.2,0.45,0.15,0.2,103.73238394220796,3.434417775172765,7.318467910617628,0.3452928472027518,0.45713141025641024,1.4493942352870024,2496,5236619197.110398
0.15,0.5,0.1,0.25,100.89179187319851,3.3955457639528968,7.311629704443024,0.2259846711021911,0.43524261218533383,1.3151785426831981,2741,5094589593.659925
0.35,0.45,0.1,0.1,93.40187468926092,3.289387865734237,7.2977554099940845,0.2237330850841374,0.45864010394110005,1.4783208225222282,2309,4720093734.463046
0.4,0.4,0.1,0.1,81.66709613829283,3.110893816131708,7.276504521257517,0.3277219596836709,0.4650413983440662,1.5581911126862855,2174,4133354806.914642
0.1,0.5,0.25,0.15,87.98983875670434,3.2090612192306507,7.2594630257357915,0.28647890022810013,0.46783896344285053,1.4953969394783073,2161,4449491937.835217
0.3,0.5,0.15,0.05,73.02595070644756,2.9681029454533614,7.232173834526189,0.26141307742786174,0.4609412906356138,1.582075723193094,2061,3701297535.3223777
0.35,0.5,0.05,0.1,111.24859573111921,3.5339288716611303,7.231926522326852,0.29898692977267294,0.45094872830036337,1.4256656232341307,2477,5612429786.555961
0.05,0.4,0.3,0.25,81.66559966147591,3.110869987338373,7.210909616792963,0.18530892048673292,0.45703493862134087,1.5708306261140448,2118,4133279983.0737953
0.3,0.5,0.1,0.1,99.63252616673306,3.378077489329831,7.203597416373343,0.29426111421903606,0.4574780058651026,1.4622038625758342,2387,5031626308.336653
0.05,0.5,0.3,0.15,80.15599567646294,3.0866812686008025,7.197416463637,0.24655212954837982,0.46108949416342415,1.5309279006407592,2056,4057799783.823147
0.2,0.35,0.2,0.25,80.81314131744325,3.097248131212406,7.194855006776404,0.2996665584585655,0.4732304900181488,1.4299737817073124,2204,4090657065.8721623
0.1,0.5,0.2,0.2,82.88098224428093,3.1301270378360133,7.162876692996786,0.21064424800718284,0.45716573258606885,1.4188798054778302,2498,4194049112.2140465
0.4,0.3,0.1,0.2,77.68051507566234,3.0463452803098123,7.057789739487836,0.3356601323862073,0.4583889630618603,1.5088170358898865,2247,3934025753.783117
0.3,0.4,0.15,0.15,76.14853753797836,3.0209489929513706,7.038538268516303,0.23402784483328035,0.4652233993551359,1.5460396974872068,2171,3857426876.8989177
0.05,0.4,0.35,0.2,63.82180702412199,2.8029366624227423,6.97459098340803,0.18759549566828432,0.459070796460177,1.5991890971971792,1808,3241090351.2060995
0.3,0.4,0.05,0.25,109.12312160867887,3.5062599996628716,6.966796050905397,0.46054053380408716,0.4509336511720302,1.3644259392743898,2517,5506156080.433944
0.4,0.45,0.05,0.1,91.2525272853931,3.2578713432141315,6.9501192572759996,0.27150040513119417,0.45,1.408864716225259,2400,4612626364.269655
0.1,0.35,0.3,0.25,75.38111162954527,3.00809798320489,6.935918630609597,0.28504926312007856,0.4765751211631664,1.5332586132707438,1857,3819055581.477264
0.35,0.4,0.15,0.1,76.49899054578395,3.0267886466640004,6.880581614045487,0.2885188408152147,0.47013782542113325,1.598143519954618,1959,3874949527.2891974
0.25,0.3,0.25,0.2,59.35325072890895,2.7169458693068824,6.839027067220382,0.1978021778823489,0.49053747161241484,1.738997984126555,1321,3017662536.4454474
0.3,0.45,0.05,0.2,92.3465377437157,3.273974796848681,6.764010690550994,0.5141943037578117,0.4498407643312102,1.3967368684163803,2512,4667326887.185785
0.15,0.5,0.2,0.15,79.11864186200832,3.0698816582582023,6.670694810843244,0.3018500518576005,0.45430579964850615,1.4302344023633786,2276,4005932093.100416
0.3,0.5,0.05,0.15,82.65239521016174,3.1265197565748757,6.658359675555903,0.3844717418185117,0.4467147435897436,1.418029267941877,2496,4182619760.508087
0.05,0.45,0.3,0.2,65.02392150074583,2.8253781509658573,6.633167947640102,0.24281319736054072,0.44764649375600385,1.5096182286718698,2082,3301196075.0372915
0.25,0.35,0.2,0.2,64.07008020643339,2.807594550391298,6.625975230132184,0.28310783944076207,0.47084762371386574,1.4696243412569825,2041,3253504010.321669
0.1,0.4,0.25,0.25,69.10966209048387,2.8996369169557905,6.622744411682852,0.23555293343691894,0.4673231871083259,1.4958502797510498,2234,3505483104.5241933
0.15,0.45,0.2,0.2,77.69746037119164,3.0466243026079027,6.607311893605394,0.25132666123705366,0.4561175961954172,1.4411565011183416,2313,3934873018.5595818
0.1,0.5,0.3,0.1,55.03628326315959,2.629657558560503,6.567560602747754,0.1833601972612934,0.4705221785513756,1.5063213930845318,1781,2801814163.1579795
0.2,0.25,0.3,0.25,54.70518235514359,2.622776476375809,6.560004068007381,0.1915148598931724,0.48348856900931414,1.755872988637741,1181,2785259117.7571797
0.25,0.5,0.15,0.1,72.36840939949846,2.9567824988194586,6.549865870805182,0.3159828805152832,0.4510240427426536,1.474269553288749,2246,3668420469.974923
0.3,0.4,0.2,0.1,50.07102799186653,2.5234097363093135,6.5391521302917495,0.24676078333436635,0.5,1.587661714082014,1544,2553551399.5933266
0.25,0.5,0.2,0.05,57.43819698676529,2.678765920042298,6.538285173680265,0.338379425555259,0.4705246078961601,1.5309265325517014,1849,2921909849.3382645
0.2,0.4,0.2,0.2,67.04637186482188,2.8625152555857256,6.489890565046096,0.33467105616023374,0.46766848816029144,1.440178501559357,2196,3402318593.2410936
0.15,0.4,0.2,0.25,69.97144405975159,2.9149218543823583,6.47307700901917,0.19201468358638388,0.4586369481354479,1.355371084594041,2333,3548572202.98758
0.2,0.4,0.25,0.15,60.05871658462948,2.730802885199765,6.455755477606642,0.21150496888626952,0.4888888888888889,1.5282540482474614,1665,3052935829.231474
0.35,0.4,0.1,0.15,67.42411763586549,2.8693681329657257,6.451313063846963,0.36608382363623015,0.45901639344262296,1.465193242605859,2318,3421205881.793274
0.05,0.4,0.4,0.15,57.035343768905896,2.670626408313807,6.410983587053504,0.19708141789094016,0.4779783393501805,1.6946930758555194,1385,2901767188.445295
0.4,0.5,0.05,0.05,68.30707598302968,2.8852866101767396,6.383249853347825,0.25920592573911305,0.44920235096557515,1.404762128355025,2382,3465353799.1514835
0.25,0.45,0.15,0.15,70.9314565736987,2.9318012093847274,6.359064329583934,0.3129381851558867,0.45066781559672553,1.5404541885185745,2321,3596572828.6849346
0.1,0.35,0.35,0.2,50.304470466408674,2.5285587102430567,6.229651252387905,0.208025708080937,0.4862965565706254,1.55437044791209,1423,2565223523.3204336
0.1,0.45,0.3,0.15,57.48785697869251,2.6797666396264304,6.223933541514532,0.23682768471589594,0.4723892837616184,1.486626703843269,1829,2924392848.9346256
0.35,0.5,0.1,0.05,57.71354939320484,2.684307399920688,6.209663146568057,0.21466971386907735,0.45345744680851063,1.4473459697597861,2256,2935677469.660242
0.35,0.2,0.2,0.25,46.069899309449596,2.432558290748637,6.178019521590372,0.22055073063783412,0.4866785079928952,1.6986111366976933,1126,2353494965.47248
0.15,0.35,0.3,0.2,43.669655209382995,2.3755106747136727,6.120764287327236,0.1872630219349728,0.48488830486202367,1.4745685708107006,1522,2233482760.4691496
0.2,0.45,0.25,0.1,48.07343354834952,2.4786811020764876,6.118032931865256,0.17002290480518306,0.48282208588957054,1.5255712004557591,1630,2453671677.417476
0.1,0.4,0.3,0.2,52.336660977131885,2.5727232354049336,6.092895198430304,0.3168668454349564,0.4739084132055378,1.452100406204168,1878,2666833048.856594
0.4,0.3,0.15,0.15,44.262944862801504,2.389801883157632,6.075075557954268,0.2383556490092389,0.4787154592979836,1.5636846010492358,1339,2263147243.140075
0.15,0.5,0.25,0.1,50.09534210449251,2.523946771219702,6.067299113598996,0.316278744616797,0.4775251189846642,1.5153362186128845,1891,2554767105.2246256
0.25,0.4,0.25,0.1,45.21560316817035,2.4124855245148735,6.0632047697136215,0.19184333855546798,0.4801556420233463,1.695883909167668,1285,2310780158.4085174
0.15,0.45,0.25,0.15,52.816275200865775,2.5829790143376883,6.061127523380174,0.2245495823953374,0.47797131147540983,1.468265118860901,1952,2690813760.0432887
0.05,0.5,0.35,0.1,44.50360695180724,2.3955626692909036,6.007103277193186,0.22481113364704972,0.4687679083094556,1.673758051288048,1745,2275180347.590362
0.05,0.3,0.4,0.25,41.09962190666171,2.3120679969760998,6.000002432648399,0.1947474839188074,0.46433878157503716,1.632042436173094,1346,2104981095.3330855
0.05,0.35,0.4,0.2,48.24455602628601,2.4825607024509426,5.876603295586265,0.28708860769379485,0.4737609329446064,1.6870418193354728,1372,2462227801.3143005
0.3,0.2,0.25,0.25,42.63412510317518,2.3502544283425633,5.859347174859432,0.21920076916025708,0.48468271334792123,1.7699991063386753,914,2181706255.158759
0.25,0.45,0.2,0.1,45.388550048448295,2.416569368409046,5.849941489391095,0.25194866106025804,0.4710526315789474,1.5281408373434362,1900,2319427502.422415
0.15,0.35,0.25,0.25,46.03563478904086,2.431757991138727,5.7324142757235945,0.39890311554993274,0.4596813133751811,1.466147184416718,2071,2351781739.452043
0.2,0.5,0.25,0.05,36.90599009102917,2.202635161593519,5.714890084917731,0.16192203876191028,0.47941735275490815,1.4700935642290438,1579,1895299504.5514584
0.3,0.3,0.25,0.15,43.061033475854586,2.360715429020032,5.705868780621896,0.25185116023348136,0.4865771812080537,1.6619905874697516,894,2203051673.7927294
0.1,0.5,0.35,0.05,40.474512652154786,2.2962406749666444,5.698225094958136,0.1802191074339388,0.48436414176511466,1.6259974356790359,1439,2073725632.6077394
0.2,0.5,0.15,0.15,55.38484740742048,2.636871769717211,5.686257473422753,0.36094422229216244,0.4504909983633388,1.380528245189176,2444,2819242370.371024
0.1,0.3,0.4,0.2,43.01344694541483,2.359552785957547,5.619638485964615,0.2411045163722378,0.46138415245737213,1.6319933081851834,997,2200672347.2707415
0.35,0.45,0.05,0.15,54.64052730433503,2.621429544549499,5.598234259117197,0.4950583200423549,0.4467229593888219,1.3174599015592736,2487,2782026365.2167516
0.3,0.35,0.25,0.1,40.211076878517986,2.2895220850733957,5.592816218098025,0.24376650087801685,0.4777777777777778,1.6646363219580458,900,2060553843.9258993
0.1,0.3,0.35,0.25,38.40070078875783,2.2425421832129633,5.560317589889756,0.21116437461816323,0.4784394250513347,1.4938040107659858,1461,1970035039.4378915
0.05,0.45,0.35,0.15,40.919149045301715,2.307515049684013,5.550004502163342,0.2631851419879709,0.4645490640952921,1.654822118542211,1763,2095957452.2650857
0.1,0.25,0.4,0.25,37.6534874269345,2.2227236040013687,5.534591345122456,0.15282962659621077,0.46238716148445336,1.5964094765224335,997,1932674371.3467247
0.05,0.45,0.4,0.1,37.67525538160139,2.223304628837403,5.530635336773941,0.1855610474991672,0.4692697035430224,1.6510863237749154,1383,1933762769.0800695
0.25,0.25,0.25,0.25,36.865179949674754,2.201530695157626,5.529477183000337,0.21932290019277076,0.48439821693907875,1.6357508982712963,1346,1893258997.4837377
0.25,0.35,0.25,0.15,35.26072593481568,2.1574517114130147,5.511661575775062,0.1889325975327525,0.48962336664104533,1.698532523670635,1301,1813036296.7407842
0.15,0.4,0.25,0.2,40.90379090970632,2.3071269817418796,5.391624080496682,0.3518713699322525,0.47365780230807825,1.404311300366303,1993,2095189545.4853163
0.3,0.45,0.2,0.05,31.74794618934964,2.0560956611509376,5.328034291852278,0.2544628308369499,0.47597693786034595,1.5905124423902157,1561,1637397309.467482
0.35,0.25,0.2,0.2,33.374251601613324,2.1038945785194576,5.320052581870981,0.28010758267013564,0.47585601404741,1.6044106859995426,1139,1718712580.080666
0.35,0.3,0.2,0.15,31.26034981543327,2.0414509795628484,5.317255418752766,0.24773401817684332,0.4634615384615385,1.5302047548051323,1040,1613017490.7716634
0.4,0.4,0.15,0.05,28.87640472716065,1.9675975686312945,5.196829455511971,0.24519888908973259,0.48402182385035075,1.5941603305403593,1283,1493820236.3580325
0.15,0.4,0.3,0.15,33.266862708969725,2.100786295079527,5.183989403241569,0.2592589120125752,0.4834656084656085,1.5006896863119137,1512,1713343135.4484863
0.05,0.5,0.4,0.05,34.79454947744785,2.1443965050790372,5.154210159288796,0.2150274188350561,0.4919298245614035,1.7176742168554648,1425,1789727473.8723927
0.1,0.45,0.35,0.1,31.46613480405264,2.047649841407586,5.078911105120036,0.1707420117354683,0.4815588030619346,1.5975425259266,1437,1623306740.202632
0.1,0.4,0.35,0.15,32.08546834706684,2.0661463452772004,5.078635511986964,0.23526200589477334,0.48261474269819193,1.5749453612445912,1438,1654273417.3533423
0.1,0.35,0.4,0.15,32.18111189860145,2.068981722507233,5.002445056006412,0.18695983956179557,0.4690451206715635,1.6943086500948077,953,1659055594.9300725
0.15,0.5,0.3,0.05,30.75269213434763,2.0260429951816743,4.913065704556709,0.1860618618985941,0.4810379241516966,1.6173765801380413,1503,1587634606.7173815
0.15,0.25,0.35,0.25,30.437402536069193,2.0163891248679215,4.881892577995761,0.257452637039969,0.477859778597786,1.5344654833444347,1084,1571870126.8034596
0.35,0.35,0.2,0.1,24.030703692349434,1.8041141805306125,4.828146952402887,0.2425884424364614,0.47115384615384615,1.5144276130312153,1040,1251535184.6174717
0.25,0.45,0.25,0.05,26.888997559708212,1.902902111074221,4.8006938843902836,0.27443106407436346,0.48448145344436033,1.622311044758519,1321,1394449877.9854107
0.35,0.45,0.15,0.05,27.614055973997846,1.9268572619888378,4.777730229178273,0.3037624015923898,0.46998377501352084,1.4432890209279652,1849,1430702798.6998923
0.15,0.45,0.3,0.1,27.2699055060778,1.915538990584237,4.741665935905991,0.16060155694525186,0.4710293115201091,1.5728044908241792,1467,1413495275.30389
0.2,0.3,0.3,0.2,22.924393364424496,1.7638178824215074,4.481937808617033,0.3329625488734544,0.47741364038972545,1.5792589987202417,1129,1196219668.2212248
0.15,0.3,0.35,0.2,22.92386519599389,1.7637983448763621,4.366681750791337,0.33805747621633725,0.480188679245283,1.5615670749113881,1060,1196193259.7996945
0.25,0.3,0.3,0.15,21.43145289830932,1.707378673451469,4.334121036194959,0.37136029196393006,0.4713763702801462,1.6298631421219896,821,1121572644.915466
0.2,0.2,0.35,0.25,20.408820141866304,1.6672282918671253,4.267572620493564,0.4121343367260031,0.4774436090225564,1.6032666092059604,798,1070441007.0933152
0.3,0.25,0.25,0.2,19.48390320100935,1.6297755532284932,4.191231651063614,0.31314826725169304,0.47435897435897434,1.58107512469028,936,1024195160.0504675
0.15,0.4,0.35,0.1,21.475595436081914,1.7090835166315141,4.173477329197643,0.3720145838471863,0.47855750487329435,1.4813187080724197,1026,1123779771.8040957
0.4,0.35,0.15,0.1,19.23719900642604,1.6195921116106322,4.164211281842758,0.248244817216673,0.4766798418972332,1.657141373381256,1265,1011859950.3213019
0.4,0.2,0.2,0.2,16.37599137595552,1.4948012666446076,4.149202581514381,0.2968578837638642,0.4712950600801068,1.6816147550588063,749,868799568.7977759
0.4,0.15,0.2,0.25,15.616447476577923,1.4593501013359456,4.131156417042227,0.20167244551150593,0.4777327935222672,1.7116316502846491,741,830822373.8288962
0.35,0.4,0.2,0.05,16.12433348737546,1.483174128535297,3.9740458665444063,0.39059643574535796,0.4677734375,1.4795868458565113,1024,856216674.368773
0.25,0.25,0.3,0.2,15.77806129076828,1.466984171536026,3.8769328214508256,0.3980350559224834,0.4700122399020808,1.574713039330834,817,838903064.538414
0.1,0.4,0.4,0.1,16.599759276474032,1.505044060656938,3.8541556468930356,0.29528134826022495,0.481064483111566,1.5641221183307867,977,879987963.8237016
0.25,0.2,0.3,0.25,16.72255451836694,1.5106273334656208,3.846229753319717,0.2710665307735104,0.4712103407755582,1.569176065264698,851,886127725.9183471
0.3,0.4,0.25,0.05,17.49221265823078,1.545036556352382,3.819310770735971,0.26678357663863667,0.4721311475409836,1.5794899435924452,915,924610632.911539
0.15,0.35,0.35,0.15,15.7481094798228,1.465573138489758,3.686897761093933,0.264897173048949,0.4807121661721068,1.4991711039020994,1011,837405473.99114
0.1,0.45,0.4,0.05,14.344857504664883,1.397448163151458,3.487222988567294,0.3041043173352553,0.47378832838773494,1.5691960394667364,1011,767242875.2332442
0.2,0.4,0.3,0.1,12.466345606631759,1.2992675105250617,3.4092524471941386,0.40395773743652647,0.47574626865671643,1.4570307641692921,1072,673317280.3315879
0.15,0.45,0.35,0.05,14.489442967972815,1.4046584242440687,3.408361036236955,0.3108882109769128,0.4669187145557656,1.539355598313518,1058,774472148.3986408
0.15,0.35,0.4,0.1,11.330997318557644,1.235327849894864,3.324003706119175,0.39008904582576404,0.469119579500657,1.6370967618283099,761,616549865.9278822
0.35,0.25,0.25,0.15,9.589988260998068,1.128996356541497,3.31643263192063,0.32954649106296197,0.47262247838616717,1.7665806342252839,694,529499413.0499034
0.2,0.35,0.3,0.15,11.00420810396132,1.2161857472340611,3.219591904338264,0.4140397458884319,0.47377938517179025,1.4322801138310577,1106,600210405.198066
0.2,0.35,0.35,0.1,10.047113017149792,1.1580013467894674,3.1617625594789476,0.38332625719709795,0.4621309370988447,1.5405109936002714,779,552355650.8574896
0.35,0.2,0.25,0.2,10.093129657416977,1.160875631160763,3.1358976161047187,0.340962192525448,0.4684431977559607,1.643214491904997,713,554656482.8708489
0.4,0.3,0.2,0.1,6.997340147054761,0.9459252522419035,2.9528799468728257,0.21497290639088767,0.45584415584415583,1.5670552746647703,770,399867007.352738
0.2,0.3,0.35,0.15,9.257197473981902,1.107340604225346,2.9355857885601924,0.38332312824954184,0.45703611457036114,1.5642213719556448,803,512859873.69909513
0.15,0.25,0.4,0.2,8.714315142751298,1.0709644543423984,2.9349976064324164,0.36816644775973306,0.4755784061696658,1.5772572616832374,778,485715757.1375649
0.25,0.35,0.3,0.1,8.718133865109396,1.0712250975007098,2.921055503132104,0.47543641840530404,0.479746835443038,1.4563342386743554,790,485906693.25546974
0.35,0.35,0.25,0.05,7.844641224572561,1.009694917740747,2.8720195146557974,0.39344249640760215,0.4691689008042895,1.5730736813476973,746,442232061.22862804
0.2,0.45,0.3,0.05,8.880508947819992,1.0822440192693144,2.8712846312024385,0.38100479790501707,0.47771836007130125,1.3913042274701164,1122,494025447.3909996
0.3,0.15,0.3,0.25,7.18361986219887,0.960325315724956,2.7953704052252295,0.34955371586644757,0.47919876733436056,1.6588598874215186,649,409180993.1099435
0.3,0.2,0.3,0.2,6.685899855150305,0.9213318222641675,2.743298334504817,0.34561053586343277,0.47297297297297297,1.6088180741880278,666,384294992.75751525
0.4,0.35,0.2,0.05,5.504976042564894,0.8213942462010113,2.7090891675066895,0.1878104429330295,0.4468629961587708,1.5505402101434462,781,325248802.1282447
0.15,0.2,0.4,0.25,7.147849224736385,0.9575775384873737,2.6090872583814053,0.36822634853565467,0.45454545454545453,1.4705059080329341,770,407392461.23681927
0.15,0.3,0.4,0.15,6.194069462956036,0.8810749788889101,2.496594649696132,0.33606963941172785,0.4649350649350649,1.5063777193962065,770,359703473.1478018
0.35,0.15,0.25,0.25,6.19852543171988,0.881447978187863,2.4818143699780206,0.28021209072579134,0.4785185185185185,1.702806847176597,675,359926271.585994
0.15,0.4,0.4,0.05,6.5436461157564505,0.9098727562194708,2.4679839537997665,0.4418698770894838,0.4674634794156706,1.5352754747120145,753,377182305.78782254
0.25,0.35,0.35,0.05,5.732262397533228,0.8415346687944232,2.441144468861832,0.3525374103754114,0.45767575322812054,1.59784267164251,697,336613119.8766614
0.2,0.25,0.35,0.2,6.25190804437999,0.885904363880998,2.4006970780362797,0.46545032047330925,0.4647713226205192,1.4706753308808969,809,362595402.2189995
0.4,0.1,0.25,0.25,4.227460153667809,0.6982399966853658,2.3948275275347597,0.2037704103514486,0.4740484429065744,1.7029385268458925,578,261373007.68339044
0.2,0.25,0.4,0.15,5.1422776521110585,0.7882395359581436,2.3717632185019966,0.37451516391994044,0.464339908952959,1.5526431210997096,659,307113882.6055529
0.3,0.35,0.3,0.05,5.006662788684529,0.7755010746491624,2.351008669977561,0.4835155687160313,0.4827586206896552,1.607025042497492,696,300333139.43422645
0.35,0.3,0.25,0.1,5.6420072380222415,0.8335931031259585,2.3084766103300813,0.343537635007848,0.454421768707483,1.4791190782679924,735,332100361.9011121
0.3,0.25,0.3,0.15,4.999490296349351,0.7748219336675672,2.260891634257724,0.486088735848481,0.4604105571847507,1.593492446279453,682,299974514.8174676
0.2,0.3,0.4,0.1,4.40030038160929,0.7160211522386641,2.1984570247398008,0.3778420116231283,0.4709480122324159,1.4927550889336274,654,270015019.0804645
0.25,0.2,0.35,0.2,4.59890033097422,0.7359810004681815,2.1516061257833483,0.45198609505876386,0.4542635658914729,1.5785629338192968,645,279945016.548711
0.3,0.3,0.3,0.1,4.672642419798099,0.7432696851700729,2.1514553176909184,0.48146954476766946,0.4642857142857143,1.5597282216251611,700,283632120.98990494
0.25,0.15,0.35,0.25,4.620749213703131,0.7381473179203424,2.150992266631243,0.3583709376822226,0.45454545454545453,1.4726376574256599,649,281037460.6851565
0.2,0.15,0.4,0.25,4.601867585508802,0.736275540701065,2.1265756312945228,0.4366095366709968,0.4634920634920635,1.498301498516814,630,280093379.2754401
0.2,0.2,0.4,0.2,4.389734097630382,0.7149453266889809,2.1009485933430625,0.4651550354802279,0.46543778801843316,1.4812937044554468,651,269486704.8815191
0.25,0.4,0.3,0.05,5.064661097481166,0.7809726052683139,2.0976727324076925,0.3743035569469682,0.45607701564380265,1.4324128672069598,831,303233054.8740583
0.4,0.25,0.2,0.15,3.166854077744934,0.5793000993633639,1.8552798799172947,0.3372326793883385,0.4485006518904824,1.4020795315757117,767,208342703.8872467
0.2,0.4,0.35,0.05,3.7162054729117595,0.64318557454685,1.8275127530492443,0.3536748474028,0.45817245817245816,1.347576058131307,777,235810273.64558798
0.25,0.25,0.35,0.15,3.453135746153376,0.6132622631742379,1.8241961949522947,0.5274946825437957,0.46536144578313254,1.4534727232548847,664,222656787.3076688
0.3,0.3,0.35,0.05,3.011098102520844,0.560151943810451,1.814462898343581,0.3902564029210361,0.4805194805194805,1.6100155936790008,616,200554905.1260422
0.25,0.3,0.35,0.1,3.4449439292672706,0.6123114026253038,1.811499816295383,0.43292909789581324,0.46577380952380953,1.4377851604015695,672,222247196.46336353
0.25,0.1,0.4,0.25,2.6708635265367446,0.5164938586596397,1.6769553743441576,0.3461997020380079,0.46924428822495606,1.5663079785202645,569,183543176.32683724
0.3,0.25,0.35,0.1,2.421985568911021,0.48278313001197715,1.6546853415051435,0.376038341263525,0.46215780998389694,1.5337757743176579,621,171099278.44555104
0.2,0.35,0.4,0.05,2.7641901434475917,0.5287340299013099,1.6473218153705693,0.36753772616342995,0.46646341463414637,1.431785392555509,656,188209507.17237958
0.35,0.15,0.35,0.15,2.126758297994373,0.4405582833836288,1.5748443172708593,0.32242749143533306,0.4708171206225681,1.5331683490881696,514,156337914.89971864
0.3,0.25,0.4,0.05,2.094055343934862,0.43571656444010265,1.5335014951307084,0.31707232055735246,0.47058823529411764,1.4907489064295172,561,154702767.1967431
0.3,0.1,0.35,0.25,2.2345050665906263,0.45627083952926895,1.4796434155306235,0.3974683933742411,0.45454545454545453,1.5335549768478018,539,161725253.3295313
0.4,0.2,0.3,0.1,1.9214288428362511,0.40956516157978706,1.4608992429346135,0.422382802421998,0.46271186440677964,1.5310548854363857,590,146071442.14181256
0.4,0.3,0.25,0.05,1.8622503024270451,0.4003586730479929,1.4301246410623656,0.32249700072077647,0.4456035767511177,1.377766568066645,671,143112515.12135226
0.25,0.3,0.4,0.05,1.9811886536076533,0.41873431187800336,1.4239226737742834,0.3952794934503312,0.46875,1.4965798743987555,608,149059432.68038267
0.3,0.15,0.35,0.2,1.9335718745590842,0.41143856023157555,1.359584005046029,0.4524813946068357,0.4756944444444444,1.475354944282799,576,146678593.7279542
0.35,0.2,0.3,0.15,1.8378884566149403,0.39653105769164565,1.3363921752204218,0.430052783094306,0.46771653543307085,1.495144420791676,635,141894422.830747
0.35,0.1,0.35,0.2,1.6426005882716412,0.36501017695791993,1.2923529142702392,0.357390006202012,0.4635108481262327,1.5125960948845072,507,132130029.41358206
0.4,0.15,0.25,0.2,1.6346942290640838,0.3637011491320956,1.231203046488328,0.31867518482621426,0.4605678233438486,1.434497254703578,634,131734711.45320418
0.3,0.2,0.4,0.1,1.4923538934999252,0.3396635433654258,1.1778746989033326,0.343193727622188,0.4425925925925926,1.4001070723613334,540,124617694.67499626
0.25,0.15,0.4,0.2,1.5347299697901255,0.34691523338870844,1.156816547589264,0.3821493406329592,0.45263157894736844,1.3997701821038453,570,126736498.48950627
0.35,0.25,0.3,0.1,1.5582460463430634,0.3509039635148885,1.1564691726164622,0.510800437945799,0.47058823529411764,1.4903442415257697,612,127912302.31715317
0.35,0.25,0.35,0.05,1.398705708108564,0.3233352488222212,1.1436302244756682,0.4239244546571022,0.4814159292035398,1.4623046063208103,565,119935285.4054282
0.25,0.2,0.4,0.15,1.4425990232514472,0.331041355069958,1.1331069577156145,0.4212150120676363,0.4540727902946274,1.3986510901015468,577,122129951.16257235
0.4,0.2,0.25,0.15,1.2136096590181387,0.28974096288137763,1.0567070832107568,0.3155451566894923,0.44664634146341464,1.3628617762635442,656,110680482.95090693
0.35,0.2,0.4,0.05,1.1795825916696394,0.2833592887803482,1.053812395235467,0.3417323370261523,0.4375,1.4488566097341227,512,108979129.58348197
0.3,0.2,0.35,0.15,1.3088393366462947,0.3072536631222793,1.0493897144002793,0.4723845459621574,0.4635416666666667,1.361812291630499,576,115441966.83231473
0.4,0.25,0.25,0.1,1.2330985914214683,0.2933660639388136,1.0328238251339117,0.33241704772441266,0.443001443001443,1.3199110123777984,693,111654929.57107341
0.3,0.15,0.4,0.15,1.1857012682143944,0.2845117976773872,1.026154214481201,0.3613940934805878,0.4573502722323049,1.3794825930599224,551,109285063.41071972
0.3,0.1,0.4,0.2,1.1059765260650536,0.26931931195701564,1.003576008958619,0.3613940934805878,0.4708994708994709,1.3605883047562093,567,105298826.30325268
0.35,0.15,0.4,0.1,1.0682463764254875,0.261992837864198,0.9679942637720949,0.343193727622188,0.44642857142857145,1.3771487675746379,504,103412318.82127437
0.35,0.2,0.35,0.1,1.1055688074137655,0.26924061964058654,0.9636505961649197,0.3905234787625904,0.4710017574692443,1.3508424940439168,569,105278440.37068827
0.4,0.25,0.3,0.05,0.9847949058137986,0.24545927268944023,0.9062025856905398,0.45675105642492336,0.4712460063897764,1.3709629458434271,626,99239745.29068993
0.4,0.1,0.4,0.1,0.8104764873010399,0.2093336425764778,0.8406423597582958,0.31707232055735246,0.4551148225469729,1.3210726113629547,479,90523824.365052
0.35,0.1,0.4,0.15,0.8858582044316268,0.22523361484592264,0.8374957910378675,0.343193727622188,0.44861660079051385,1.316839069101167,506,94292910.22158134
0.4,0.15,0.3,0.15,0.8854606088700065,0.22515089526444698,0.8246099036686846,0.4902242356025194,0.4595070422535211,1.3257703687381746,568,94273030.44350033
0.35,0.15,0.3,0.2,0.9297355594476697,0.2342903644471248,0.822890312488269,0.47388436923262195,0.46492659053833607,1.3141125361573978,613,96486777.97238348
0.4,0.1,0.35,0.15,0.9073647938701814,0.22969049777093864,0.8179534519832716,0.35390879246098583,0.4594017094017094,1.349414409070384,468,95368239.69350907
0.4,0.2,0.35,0.05,0.8999062256755239,0.22814872117535545,0.8001636473287042,0.4359702224833118,0.4485294117647059,1.3542973811603343,544,94995311.2837762
0.4,0.15,0.4,0.05,0.7349851794385678,0.19295289626233503,0.7765078454629111,0.4107499572004323,0.4392712550607287,1.3033122413032994,494,86749258.97192839
0.25,0.25,0.4,0.1,0.8054862149533355,0.20826529979757868,0.7307280750759814,0.42536283536927805,0.46204620462046203,1.2259504374781456,606,90274310.74766678
0.35,0.3,0.3,0.05,0.8049284944978145,0.2081457755240781,0.7143605322450739,0.45693228529321445,0.46177847113884557,1.2670885469471114,641,90246424.72489072
0.4,0.1,0.3,0.2,0.6920933210929197,0.18342903166820168,0.6736592637843163,0.3995012965294966,0.45300751879699247,1.2761695388808483,532,84604666.05464599
0.35,0.1,0.3,0.25,0.714778535388107,0.18848632148975408,0.668961837204297,0.4663704829854596,0.44244604316546765,1.276042848120126,556,85738926.76940535
0.4,0.15,0.35,0.1,0.40246222706311285,0.11438443857982317,0.4355447553149329,0.4187549702319338,0.4448742746615087,1.182061997007866,517,70123111.35315564
