날짜,현금,평가액,총자산,보유종목수,일별수익률,누적수익률,국면
2023-01-02,6202713,44588728,50791441,9,0.015829,0.015829,하락
2023-01-03,411560,52873254,53284814,10,0.049090,0.065696,하락
2023-01-04,25369,53919900,53945269,10,0.012395,0.078905,하락
2023-01-05,5978129,46646310,52624439,9,-0.024485,0.052489,하락
2023-01-06,133649,54393783,54527432,10,0.036162,0.090549,횡보
2023-01-09,-5205,56276160,56270955,10,0.031975,0.125419,상승
2023-01-10,75237,56805247,56880484,10,0.010832,0.137610,상승
2023-01-11,107135,56464489,56571624,10,-0.005430,0.131432,상승
2023-01-12,95037,53151123,53246160,10,-0.058783,0.064923,상승
2023-01-13,64195,55657510,55721705,10,0.046492,0.114434,횡보
2023-01-16,48155,55145747,55193902,10,-0.009472,0.103878,상승
2023-01-17,7162,54833050,54840212,10,-0.006408,0.096804,상승
2023-01-18,12424461,42027650,54452111,8,-0.007077,0.089042,상승
2023-01-19,41958,54629767,54671725,10,0.004033,0.093434,상승
2023-01-20,-15855,55368223,55352368,10,0.012450,0.107047,상승
2023-01-25,6400550,49698481,56099031,9,0.013489,0.121981,상승
2023-01-26,6070804,48595535,54666339,9,-0.025539,0.093327,상승
2023-01-27,6593687,51974429,58568116,9,0.071374,0.171362,상승
2023-01-30,6298558,52688137,58986695,9,0.007147,0.179734,상승
2023-01-31,12694013,48267181,60961194,8,0.033474,0.219224,상승
2023-02-01,12069945,47878263,59948208,8,-0.016617,0.198964,상승
2023-02-02,24800,60840218,60865018,9,0.015293,0.217300,상승
2023-02-03,19188,59515662,59534850,10,-0.021854,0.190697,상승
2023-02-06,8270481,51212586,59483067,9,-0.000870,0.189661,상승
2023-02-07,20935,61683015,61703950,10,0.037336,0.234079,상승
2023-02-08,61716,61090632,61152348,10,-0.008939,0.223047,상승
2023-02-09,-25025,61689328,61664303,10,0.008372,0.233286,상승
2023-02-10,7070538,52919480,59990018,9,-0.027152,0.199800,상승
2023-02-13,32688,60313865,60346553,10,0.005943,0.206931,상승
2023-02-14,68804,60470118,60538922,10,0.003188,0.210778,상승
2023-02-15,7151304,53523315,60674619,9,0.002241,0.213492,상승
2023-02-16,5497371,56888481,62385852,9,0.028203,0.247717,상승
2023-02-17,150004,63010945,63160949,10,0.012424,0.263219,상승
2023-02-20,7090743,56686763,63777506,8,0.009762,0.275550,상승
2023-02-21,8331248,56428053,64759301,8,0.015394,0.295186,상승
2023-02-22,7711207,56946426,64657633,9,-0.001570,0.293153,상승
2023-02-23,188743,65114515,65303258,10,0.009985,0.306065,상승
2023-02-24,133366,65803803,65937169,10,0.009707,0.318743,상승
2023-02-27,15767252,52374734,68141986,8,0.033438,0.362840,상승
2023-02-28,195714,70009712,70205426,10,0.030281,0.404109,상승
2023-03-02,25572,71145232,71170804,10,0.013751,0.423416,상승
2023-03-03,7592112,63626068,71218180,9,0.000666,0.424364,상승
2023-03-06,15499457,57071838,72571295,8,0.019000,0.451426,상승
2023-03-07,2387,73559080,73561467,10,0.013644,0.471229,상승
2023-03-08,16647895,58603267,75251162,8,0.022970,0.505023,상승
2023-03-09,2364,76114205,76116569,10,0.011500,0.522331,상승
2023-03-10,17360949,59021295,76382244,8,0.003490,0.527645,상승
2023-03-13,-8705,75138461,75129756,10,-0.016398,0.502595,상승
2023-03-14,15735070,56840436,72575506,8,-0.033998,0.451510,상승
2023-03-15,9022881,67490447,76513328,9,0.054258,0.530267,상승
2023-03-16,6401685,70302172,76703857,9,0.002490,0.534077,상승
2023-03-17,9104211,67332589,76436800,9,-0.003482,0.528736,상승
2023-03-20,-10295,78641495,78631200,10,0.028709,0.572624,상승
2023-03-21,9955736,70209221,80164957,9,0.019506,0.603299,상승
2023-03-22,8182761,73011349,81194110,9,0.012838,0.623882,상승
2023-03-23,9310282,71931917,81242199,9,0.000592,0.624844,상승
2023-03-24,2261,82116732,82118993,10,0.010792,0.642380,상승
2023-03-27,8415731,76595284,85011015,9,0.035217,0.700220,상승
2023-03-28,19472180,66822498,86294678,8,0.015100,0.725894,상승
2023-03-29,10561758,77055934,87617692,9,0.015331,0.752354,상승
2023-03-30,8903783,79043894,87947677,9,0.003766,0.758954,상승
2023-03-31,-14690,89220140,89205450,10,0.014301,0.784109,상승
2023-04-03,8104281,84675513,92779794,9,0.040069,0.855596,상승
2023-04-04,12642904,79050305,91693209,9,-0.011711,0.833864,상승
2023-04-05,2726,91485281,91488007,10,-0.002238,0.829760,상승
2023-04-06,3616,90894384,90898000,10,-0.006449,0.817960,상승
2023-04-07,-3152,91693903,91690751,10,0.008721,0.833815,상승
2023-04-10,5311,89575306,89580617,10,-0.023014,0.791612,상승
2023-04-11,1153,90975030,90976183,10,0.015579,0.819524,상승
2023-04-12,-6788,91598004,91591216,10,0.006760,0.831824,상승
2023-04-13,91477,92569348,92660825,10,0.011678,0.853217,상승
2023-04-14,-9009,91987542,91978533,10,-0.007363,0.839571,상승
2023-04-17,11087063,82514222,93601285,9,0.017643,0.872026,상승
2023-04-18,124437,91879704,92004141,10,-0.017063,0.840083,상승
2023-04-19,-18822,95618519,95599697,10,0.039080,0.911994,상승
2023-04-20,415177,92849052,93264229,10,-0.024430,0.865285,상승
2023-04-21,-23527,93062590,93039063,10,-0.002414,0.860781,상승
2023-04-24,30224,85005385,85035609,10,-0.086023,0.700712,상승
2023-04-25,14063994,69323306,83387300,9,-0.019384,0.667746,상승
2023-04-26,-5937,80738167,80732230,10,-0.031840,0.614645,상승
2023-04-27,9485513,75147507,84633020,9,0.048318,0.692660,상승
2023-04-28,20602727,63032622,83635349,8,-0.011788,0.672707,상승
2023-05-02,-31531,87622889,87591358,10,0.047301,0.751827,상승
2023-05-03,-5774,89808781,89803007,10,0.025250,0.796060,상승
2023-05-04,-23010,88349193,88326183,10,-0.016445,0.766524,상승
2023-05-08,10215944,80539679,90755623,9,0.027505,0.815112,상승
2023-05-09,10964785,83468726,94433511,9,0.040525,0.888670,상승
2023-05-10,11497191,85198788,96695979,9,0.023958,0.933920,상승
2023-05-11,11831838,88708291,100540129,9,0.039755,1.010803,상승
2023-05-12,10255408,89630307,99885715,9,-0.006509,0.997714,상승
2023-05-15,-12103,103579990,103567887,10,0.036864,1.071358,상승
2023-05-16,126449,99537372,99663821,9,-0.037696,0.993276,상승
2023-05-17,11907551,91081792,102989343,9,0.033367,1.059787,상승
2023-05-18,52081,103116133,103168214,10,0.001737,1.063364,상승
2023-05-19,-17795,100020294,100002499,10,-0.030685,1.000050,상승
2023-05-22,-26824,100107839,100081015,10,0.000785,1.001620,상승
2023-05-23,130002,102013145,102143147,10,0.020605,1.042863,상승
2023-05-24,-6492,103798150,103791658,10,0.016139,1.075833,상승
2023-05-25,23199943,81356590,104556533,8,0.007369,1.091131,상승
2023-05-26,-41108,105837208,105796100,10,0.011855,1.115922,상승
2023-05-30,12171538,95661896,107833434,9,0.019257,1.156669,상승
2023-05-31,131874,110121308,110253182,10,0.022440,1.205064,상승
2023-06-01,-13692,111897041,111883349,10,0.014786,1.237667,상승
2023-06-02,-22893,115064741,115041848,10,0.028230,1.300837,상승
2023-06-05,12985679,105608841,118594520,9,0.030882,1.371890,상승
2023-06-07,-23277,118624863,118601586,10,0.000060,1.372032,상승
2023-06-08,-23277,119495048,119471771,10,0.007337,1.389435,상승
2023-06-09,26185,123276933,123303118,10,0.032069,1.466062,상승
2023-06-12,14120850,107723008,121843858,9,-0.011835,1.436877,상승
2023-06-13,-8790,123570278,123561488,10,0.014097,1.471230,상승
2023-06-14,-8790,122808008,122799218,10,-0.006169,1.455984,상승
2023-06-15,67099,122242160,122309259,10,-0.003990,1.446185,상승
2023-06-16,67099,122808805,122875904,10,0.004633,1.457518,상승
2023-06-19,-14354,123641191,123626837,10,0.006111,1.472537,상승
2023-06-20,-6394,124641275,124634881,10,0.008154,1.492698,상승
2023-06-21,14430205,111284756,125714961,9,0.008666,1.514299,상승
2023-06-22,-16992,126433358,126416366,10,0.005579,1.528327,상승
2023-06-23,-16992,126002926,125985934,10,-0.003405,1.519719,상승
2023-06-26,3696,126417968,126421664,10,0.003459,1.528433,상승
2023-06-27,-38079,125195800,125157721,10,-0.009998,1.503154,상승
2023-06-28,-38079,124164020,124125941,10,-0.008244,1.482519,상승
2023-06-29,10734023,114030610,124764633,9,0.005146,1.495293,횡보
2023-06-30,-26268,125779991,125753723,10,0.007928,1.515074,횡보
2023-07-03,112707,121666303,121779010,10,-0.031607,1.435580,횡보
2023-07-04,26459198,100535410,126994608,8,0.042828,1.539892,상승
2023-07-05,13235525,110978007,124213532,9,-0.021899,1.484271,상승
2023-07-06,12174094,109452250,121626344,9,-0.020829,1.432527,상승
2023-07-07,22924,123318640,123341564,10,0.014102,1.466831,횡보
2023-07-10,-13564,122919482,122905918,10,-0.003532,1.458118,하락
2023-07-11,-20914,127728488,127707574,10,0.039068,1.554151,하락
2023-07-12,38844216,93591273,132435489,7,0.037021,1.648710,횡보
2023-07-13,14135424,121931041,136066465,9,0.027417,1.721329,횡보
2023-07-14,-5670,137626256,137620586,10,0.011422,1.752412,횡보
2023-07-17,15443718,123796012,139239730,9,0.011765,1.784795,횡보
2023-07-18,15706019,124564529,140270548,9,0.007403,1.805411,횡보
2023-07-19,28340610,115013105,143353715,8,0.021980,1.867074,횡보
2023-07-20,17710541,127463680,145174221,9,0.012699,1.903484,상승
2023-07-21,-20195,145695713,145675518,10,0.003453,1.913510,상승
2023-07-24,12988789,128581250,141570039,9,-0.028182,1.831401,상승
2023-07-25,16115632,130732696,146848328,9,0.037284,1.936967,상승
2023-07-26,-9493,135136382,135126889,10,-0.079820,1.702538,상승
2023-07-27,12699538,127427860,140127398,9,0.037006,1.802548,상승
2023-07-28,35412619,108439084,143851703,8,0.026578,1.877034,상승
2023-07-31,15264973,133630815,148895788,9,0.035064,1.977916,상승
2023-08-01,-22341,146560455,146538114,10,-0.015834,1.930762,상승
2023-08-02,31459112,110788654,142247766,8,-0.029278,1.844955,상승
2023-08-03,12010647,128970422,140981069,9,-0.008905,1.819621,상승
2023-08-04,-13030,141057258,141044228,10,0.000448,1.820885,상승
2023-08-07,14837138,122526703,137363841,9,-0.026094,1.747277,상승
2023-08-08,-31090,138934414,138903324,10,0.011207,1.778066,상승
2023-08-09,12013859,125876542,137890401,9,-0.007292,1.757808,상승
2023-08-10,-28358,136887592,136859234,10,-0.007478,1.737185,상승
2023-08-11,-15586,138697669,138682083,10,0.013319,1.773642,상승
2023-08-14,31467241,110937375,142404616,8,0.026842,1.848092,상승
2023-08-16,-20233,141526063,141505830,10,-0.006311,1.830117,상승
2023-08-17,11969502,127576991,139546493,9,-0.013846,1.790930,상승
2023-08-18,109213,141276372,141385585,9,0.013179,1.827712,상승
2023-08-21,14393477,127265120,141658597,8,0.001931,1.833172,상승
2023-08-22,-25404,139807144,139781740,10,-0.013249,1.795635,상승
2023-08-23,16308,141821176,141837484,10,0.014707,1.836750,상승
2023-08-24,19774539,124048434,143822973,9,0.013998,1.876459,상승
2023-08-25,17332339,130791590,148123929,9,0.029905,1.962479,상승
2023-08-28,14035215,134130060,148165275,9,0.000279,1.963306,상승
2023-08-29,-42259,153901266,153859007,10,0.038428,2.077180,상승
2023-08-30,14152509,141727960,155880469,9,0.013138,2.117609,상승
2023-08-31,-37907,157118800,157080893,10,0.007701,2.141618,상승
2023-09-01,134676,156054060,156188736,10,-0.005680,2.123775,상승
2023-09-04,34860146,123856440,158716586,8,0.016185,2.174332,상승
2023-09-05,10776,159379377,159390153,9,0.004244,2.187803,상승
2023-09-06,13271860,146206792,159478652,9,0.000555,2.189573,상승
2023-09-07,34228473,125917900,160146373,8,0.004187,2.202927,상승
2023-09-08,-82264,163813257,163730993,10,0.022383,2.274620,상승
2023-09-11,59085373,113473412,172558785,7,0.053916,2.451176,상승
2023-09-12,189630,164372362,164561992,10,-0.046342,2.291240,상승
2023-09-13,22915,160648908,160671823,10,-0.023640,2.213436,횡보
2023-09-14,-92826,164401686,164308860,10,0.022636,2.286177,횡보
2023-09-15,27441,165182182,165209623,10,0.005482,2.304192,상승
2023-09-18,-47495,167764452,167716957,10,0.015177,2.354339,상승
2023-09-19,57398989,114777544,172176533,7,0.026590,2.443531,횡보
2023-09-20,-95484,168251001,168155517,10,-0.023354,2.363110,횡보
2023-09-21,-118885,161499736,161380851,9,-0.040288,2.227617,횡보
2023-09-22,19059929,145927930,164987859,9,0.022351,2.299757,횡보
2023-09-25,-119968,177151824,177031856,9,0.072999,2.540637,횡보
2023-09-26,18691071,134675072,153366143,9,-0.133681,2.067323,하락
2023-09-27,24813,162344385,162369198,8,0.058703,2.247384,하락
2023-10-04,57259,145527452,145584711,10,-0.103372,1.911694,하락
2023-10-05,39477,137061891,137101368,10,-0.058271,1.742027,하락
2023-10-06,-114767,141745772,141631005,10,0.033039,1.832620,하락
2023-10-10,19431352,130221833,149653185,8,0.056641,1.993064,하락
2023-10-11,20137029,138779482,158916511,8,0.061899,2.178330,하락
2023-10-12,-105007,152925712,152820705,10,-0.038359,2.056414,하락
2023-10-13,-22217,154390196,154367979,10,0.010125,2.087360,하락
2023-10-16,47574648,117274432,164849080,6,0.067897,2.296982,하락
2023-10-17,20944953,156597713,177542666,9,0.077001,2.550853,하락
2023-10-18,-142678,175429964,175287286,10,-0.012703,2.505746,하락
2023-10-19,-142284,162169493,162027209,10,-0.075648,2.240544,하락
2023-10-20,41849654,122343548,164193202,7,0.013368,2.283864,하락
2023-10-23,-117371,151086543,150969172,10,-0.080539,2.019383,하락
2023-10-24,19757630,135710358,155467988,8,0.029800,2.109360,하락
2023-10-25,-153956,154734836,154580880,9,-0.005706,2.091618,하락
2023-10-26,-107018,150722374,150615356,9,-0.025653,2.012307,하락
2023-10-27,-144660,146029760,145885100,9,-0.031406,1.917702,하락
2023-10-30,36015014,128072095,164087109,8,0.124769,2.281742,하락
2023-10-31,20657107,141382106,162039213,8,-0.012481,2.240784,하락
2023-11-01,-128739,167541927,167413188,10,0.033165,2.348264,하락
2023-11-02,-62634,168302056,168239422,7,0.004935,2.364788,하락
2023-11-03,13648,168036411,168050059,9,-0.001126,2.361001,하락
2023-11-06,24455171,143046571,167501742,7,-0.003263,2.350035,하락
2023-11-07,-70584,173896364,173825780,10,0.037755,2.476516,하락
2023-11-08,20983255,160141413,181124668,9,0.041990,2.622493,하락
2023-11-09,63087,185059470,185122557,10,0.022073,2.702451,하락
2023-11-10,-62226,182753405,182691179,10,-0.013134,2.653824,하락
2023-11-13,21383156,162595690,183978846,9,0.007048,2.679577,하락
2023-11-14,-182066,188539300,188357234,10,0.023798,2.767145,하락
2023-11-15,-101464,178236913,178135449,10,-0.054268,2.562709,하락
2023-11-16,20728870,161839262,182568132,9,0.024884,2.651363,하락
2023-11-17,-151113,179344300,179193187,10,-0.018486,2.583864,하락
2023-11-20,21298672,162181986,183480658,9,0.023927,2.669613,하락
2023-11-21,22150765,166549407,188700172,9,0.028447,2.774003,하락
2023-11-22,21821284,170486148,192307432,9,0.019116,2.846149,하락
2023-11-23,-66960,194209876,194142916,10,0.009545,2.882858,하락
2023-11-24,-179272,187660595,187481323,10,-0.034313,2.749626,하락
2023-11-27,65176,187730896,187796072,10,0.001679,2.755921,하락
2023-11-28,7331,180319554,180326885,10,-0.039773,2.606538,하락
2023-11-29,-91419,179197908,179106489,10,-0.006768,2.582130,하락
2023-11-30,-73816,187156333,187082517,10,0.044532,2.741650,하락
2023-12-01,30784,185427830,185458614,10,-0.008680,2.709172,하락
2023-12-04,45333908,160362105,205696013,8,0.109121,3.113920,하락
2023-12-05,-67628,207404053,207336425,9,0.007975,3.146729,하락
2023-12-06,-130686,217140394,217009708,10,0.046655,3.340194,하락
2023-12-07,-96729,220135623,220038894,10,0.013959,3.400778,하락
2023-12-08,54320311,179845564,234165875,8,0.064202,3.683318,하락
2023-12-11,26703485,202685467,229388952,9,-0.020400,3.587779,하락
2023-12-12,26209316,202394970,228604286,9,-0.003421,3.572086,하락
2023-12-13,80518527,159600570,240119097,7,0.050370,3.802382,하락
2023-12-14,-180341,231133594,230953253,10,-0.038172,3.619065,하락
2023-12-15,-191665,230284860,230093195,10,-0.003724,3.601864,하락
2023-12-18,-180038,247540830,247360792,10,0.075046,3.947216,하락
2023-12-19,-66907,246810610,246743703,10,-0.002495,3.934874,하락
2023-12-20,29123893,225413690,254537583,9,0.031587,4.090752,하락
2023-12-21,28337480,235755710,264093190,9,0.037541,4.281864,하락
2023-12-22,29015914,228591490,257607404,9,-0.024559,4.152148,횡보
2023-12-26,22921190,221158780,244079970,8,-0.052512,3.881599,횡보
2023-12-27,-123756,246914196,246790440,10,0.011105,3.935809,횡보
2023-12-28,12078,257833630,257845708,10,0.044796,4.156914,상승
2024-01-02,56964728,211398215,268362943,8,0.040789,4.367259,상승
2024-01-03,31363853,240514302,271878155,9,0.013099,4.437563,상승
2024-01-04,-62162,261787572,261725410,10,-0.037343,4.234508,상승
2024-01-05,-34040,262790331,262756291,10,0.003939,4.255126,상승
2024-01-08,-106795,264730980,264624185,10,0.007109,4.292484,상승
2024-01-09,32758231,233812220,266570451,9,0.007355,4.331409,상승
2024-01-10,29739900,243522998,273262898,9,0.025106,4.465258,상승
2024-01-11,54050088,226944575,280994663,8,0.028294,4.619893,상승
2024-01-12,-145024,274596864,274451840,9,-0.023285,4.489037,상승
2024-01-15,-78161,283395596,283317435,10,0.032303,4.666349,상승
2024-01-16,59424334,221625680,281050014,8,-0.008003,4.621000,상승
2024-01-17,30503765,248252230,278755995,9,-0.008162,4.575120,상승
2024-01-18,-93137,296531910,296438773,10,0.063435,4.928775,상승
2024-01-19,103287259,199257415,302544674,7,0.020598,5.050893,상승
2024-01-22,64548057,246379380,310927437,8,0.027708,5.218549,상승
2024-01-23,59688775,242221040,301909815,8,-0.029002,5.038196,상승
2024-01-24,61624452,243657480,305281932,8,0.011169,5.105639,상승
2024-01-25,37311991,270582350,307894341,9,0.008557,5.157887,상승
2024-01-26,28225172,287136460,315361632,9,0.024253,5.307233,상승
2024-01-29,-188772,307332630,307143858,10,-0.026058,5.142877,상승
2024-01-30,-156361,315475596,315319235,10,0.026617,5.306385,상승
2024-01-31,9649,317381548,317391197,10,0.006571,5.347824,상승
2024-02-01,30483249,285753408,316236657,9,-0.003638,5.324733,상승
2024-02-02,172118074,157353370,329471444,5,0.041851,5.589429,하락
2024-02-05,33636294,299625116,333261410,9,0.011503,5.665228,횡보
2024-02-06,-154221,339625270,339471049,10,0.018633,5.789421,횡보
2024-02-07,40749245,304299404,345048649,9,0.016430,5.900973,횡보
2024-02-08,23854,337655312,337679166,10,-0.021358,5.753583,상승
2024-02-13,96602642,243511020,340113662,7,0.007209,5.802273,상승
2024-02-14,108752607,241766646,350519253,7,0.030594,6.010385,상승
2024-02-15,63588864,280906410,344495274,8,-0.017186,5.889905,상승
2024-02-16,1230,352071720,352072950,10,0.021996,6.041459,상승
2024-02-19,39720960,319455900,359176860,9,0.020177,6.183537,상승
2024-02-20,-1497,354041630,354040133,10,-0.014301,6.080803,상승
2024-02-21,44927988,316327420,361255408,9,0.020380,6.225108,상승
2024-02-22,-67636,364387780,364320144,10,0.008484,6.286403,상승
2024-02-23,34997371,323683300,358680671,9,-0.015479,6.173613,상승
2024-02-26,-140703,347958760,347818057,10,-0.030285,5.956361,상승
2024-02-27,-126573,345447175,345320602,10,-0.007180,5.906412,상승
2024-02-28,100926456,244654759,345581215,7,0.000755,5.911624,상승
2024-02-29,24244,349079205,349103449,10,0.010192,5.982069,상승
2024-03-04,1992,370857920,370859912,10,0.062321,6.417198,상승
2024-03-05,-91590,368700435,368608845,10,-0.006070,6.372177,상승
2024-03-06,41813517,336215715,378029232,9,0.025557,6.560585,상승
2024-03-07,-37202,380177825,380140623,10,0.005585,6.602812,상승
2024-03-08,46997424,336709945,383707369,9,0.009383,6.674147,상승
2024-03-11,45204739,337588630,382793369,9,-0.002382,6.655867,상승
2024-03-12,40614539,360767260,401381799,9,0.048560,7.027636,상승
2024-03-13,-53626,404476648,404423022,10,0.007577,7.088460,상승
2024-03-14,-69829,413297912,413228083,10,0.021772,7.264562,상승
2024-03-15,47768389,365333410,413101799,9,-0.000306,7.262036,상승
2024-03-18,-139136,424263192,424124056,10,0.026682,7.482481,상승
2024-03-19,47709389,365766466,413475855,8,-0.025106,7.269517,상승
2024-03-20,45304902,375649917,420954819,9,0.018088,7.419096,상승
2024-03-21,48582049,384365906,432947955,9,0.028490,7.658959,상승
2024-03-22,-169013,440599581,440430568,10,0.017283,7.808611,상승
2024-03-25,-217322,436584690,436367368,10,-0.009226,7.727347,상승
2024-03-26,52287154,388808084,441095238,9,0.010835,7.821905,상승
2024-03-27,-218596,443411306,443192710,10,0.004755,7.863854,상승
2024-03-28,52647456,395611500,448258956,9,0.011431,7.965179,상승
2024-03-29,-213242,441327535,441114293,10,-0.015939,7.822286,상승
2024-04-01,-158529,440384332,440225803,10,-0.002014,7.804516,상승
2024-04-02,-189888,430295588,430105700,10,-0.022988,7.602114,상승
2024-04-03,-163557,429308910,429145353,10,-0.002233,7.582907,상승
2024-04-04,100693956,352410356,453104312,8,0.055829,8.062086,횡보
2024-04-05,94674528,358235110,452909638,8,-0.000430,8.058193,횡보
2024-04-08,40561,459422955,459463516,10,0.014471,8.189270,횡보
2024-04-09,-114841,468023130,467908289,10,0.018380,8.358166,횡보
2024-04-11,120196,474262530,474382726,10,0.013837,8.487655,하락
2024-04-12,162651010,327508760,490159770,7,0.033258,8.803195,횡보
2024-04-15,-65468,491568530,491503062,10,0.002741,8.830061,횡보
2024-04-16,100788853,373615240,474404093,8,-0.034789,8.488082,횡보
2024-04-17,42968081,444305940,487274021,9,0.027129,8.745480,횡보
2024-04-18,-82880,493943230,493860350,10,0.013517,8.877207,횡보
2024-04-19,103194247,383448725,486642972,7,-0.014614,8.732859,횡보
2024-04-22,102587176,390068408,492655584,9,0.012355,8.853112,횡보
2024-04-23,70192635,423576040,493768675,8,0.002259,8.875373,횡보
2024-04-24,-90913,496002730,495911817,10,0.004340,8.918236,횡보
2024-04-25,-110234,488191728,488081494,10,-0.015790,8.761630,상승
2024-04-26,-79749,497026420,496946671,10,0.018163,8.938933,횡보
2024-04-29,-55653,502134650,502078997,10,0.010328,9.041580,상승
2024-04-30,44547879,455874129,500422008,9,-0.003300,9.008440,상승
2024-05-02,60352119,443939032,504291151,9,0.007732,9.085823,상승
2024-05-03,-100529,504453442,504352913,10,0.000122,9.087058,상승
2024-05-07,-148683,502831720,502683037,10,-0.003311,9.053661,상승
2024-05-08,-56705,506815380,506758675,10,0.008108,9.135174,상승
2024-05-09,110939,503851305,503962244,10,-0.005518,9.079245,상승
2024-05-10,52199755,445288410,497488165,9,-0.012846,8.949763,상승
2024-05-13,-20712,500200990,500180278,10,0.005411,9.003606,상승
2024-05-14,-158071,510570540,510412469,10,0.020457,9.208249,횡보
2024-05-16,-56910,521540640,521483730,10,0.021691,9.429675,횡보
2024-05-17,54609776,486665230,541275006,9,0.037952,9.825500,횡보
2024-05-20,54608274,502166110,556774384,9,0.028635,10.135488,횡보
2024-05-21,-67405,572322810,572255405,10,0.027805,10.445108,횡보
2024-05-22,191014288,390406210,581420498,7,0.016016,10.628410,하락
2024-05-23,44842771,539328060,584170831,9,0.004730,10.683417,하락
2024-05-24,126852206,470388120,597240326,8,0.022373,10.944807,하락
2024-05-27,66408561,528042492,594451053,9,-0.004670,10.889021,하락
2024-05-28,-73584,589270110,589196526,10,-0.008839,10.783931,하락
2024-05-29,-73584,593067930,592994346,10,0.006446,10.859887,횡보
2024-05-30,129778423,467491800,597270223,8,0.007211,10.945404,하락
2024-05-31,134578462,476690060,611268522,8,0.023437,11.225370,하락
2024-06-03,-144772,613757940,613613168,10,0.003836,11.272263,하락
2024-06-04,139514430,466196042,605710472,8,-0.012879,11.114209,하락
2024-06-05,106618497,484834729,591453226,8,-0.023538,10.829065,하락
2024-06-07,56711062,531799860,588510922,9,-0.004975,10.770218,횡보
2024-06-10,125032869,474242246,599275115,8,0.018291,10.985502,횡보
2024-06-11,-3883,594062679,594058796,10,-0.008704,10.881176,횡보
2024-06-12,-94919,623288970,623194051,10,0.049044,11.463881,하락
2024-06-13,125058544,510062160,635120704,8,0.019138,11.702414,하락
2024-06-14,143465680,494637320,638103000,8,0.004696,11.762060,횡보
2024-06-17,56842190,583535020,640377210,9,0.003564,11.807544,하락
2024-06-18,-131427,644176830,644045403,10,0.005728,11.880908,하락
2024-06-19,-115624,627620290,627504666,10,-0.025683,11.550093,하락
2024-06-20,172431329,454072550,626503879,7,-0.001595,11.530078,하락
2024-06-21,-262537,634425100,634162563,10,0.012224,11.683251,하락
2024-06-24,69435203,559812740,629247943,9,-0.007750,11.584959,하락
2024-06-25,-172233,625351494,625179261,10,-0.006466,11.503585,하락
2024-06-26,-216994,639112400,638895406,10,0.021940,11.777908,하락
2024-06-27,-171182,625677492,625506310,10,-0.020957,11.510126,하락
2024-06-28,-99535,609035040,608935505,10,-0.026492,11.178710,하락
2024-07-01,-398198,575708540,575310342,10,-0.055220,10.506207,하락
2024-07-02,54084775,493980890,548065665,9,-0.047356,9.961313,하락
2024-07-03,2972,563210100,563213072,10,0.027638,10.264261,하락
2024-07-04,-35766,567372430,567336664,10,0.007322,10.346733,하락
2024-07-05,-185265,575120170,574934905,10,0.013393,10.498698,하락
2024-07-08,-265149,582890980,582625831,10,0.013377,10.652517,하락
2024-07-09,-261447,556891055,556629608,10,-0.044619,10.132592,횡보
2024-07-10,-438327,554455505,554017178,10,-0.004693,10.080344,횡보
2024-07-11,-94218,556451255,556357037,10,0.004223,10.127141,횡보
2024-07-12,-6315,540606160,540599845,10,-0.028322,9.811997,횡보
2024-07-15,-330646,537556160,537225514,10,-0.006242,9.744510,횡보
2024-07-16,-155015,535777050,535622035,10,-0.002985,9.712441,상승
2024-07-17,-211358,524588925,524377567,10,-0.020993,9.487551,횡보
2024-07-18,-308880,517443135,517134255,10,-0.013813,9.342685,하락
2024-07-19,-238259,519017985,518779726,10,0.003182,9.375595,하락
2024-07-22,-252359,511858790,511606431,10,-0.013827,9.232129,하락
2024-07-23,-130933,527016010,526885077,10,0.029864,9.537702,하락
2024-07-24,59873639,475109440,534983079,9,0.015370,9.699662,하락
2024-07-25,-373415,519608070,519234655,10,-0.029437,9.384693,하락
2024-07-26,-407745,511587535,511179790,10,-0.015513,9.223596,하락
2024-07-29,-398078,518131197,517733119,10,0.012820,9.354662,하락
2024-07-30,60202417,472391613,532594030,9,0.028704,9.651881,하락
2024-07-31,-379891,533097459,532717568,9,0.000232,9.654351,하락
2024-08-01,-370234,562420636,562050402,10,0.055063,10.241008,하락
2024-08-02,-554229,534173541,533619312,10,-0.050585,9.672386,하락
2024-08-05,64270221,425048747,489318968,8,-0.083019,8.786379,하락
2024-08-06,-505559,503517938,503012379,9,0.027985,9.060248,하락
2024-08-07,-555642,512721634,512165992,9,0.018198,9.243320,하락
2024-08-08,64667702,437919332,502587034,8,-0.018703,9.051741,하락
2024-08-09,58848166,453624704,512472870,9,0.019670,9.249457,하락
2024-08-12,-353344,517697062,517343718,9,0.009505,9.346874,하락
2024-08-13,-451509,520465066,520013557,9,0.005161,9.400271,하락
2024-08-14,60798107,464638120,525436227,9,0.010428,9.508725,하락
2024-08-16,-547008,531115274,530568266,9,0.009767,9.611365,하락
2024-08-19,-501191,534773750,534272559,10,0.006982,9.685451,하락
2024-08-20,-548678,543486941,542938263,10,0.016220,9.858765,하락
2024-08-21,-527910,538666408,538138498,10,-0.008840,9.762770,하락
2024-08-22,-539087,517653833,517114746,10,-0.039068,9.342295,하락
2024-08-23,-591423,543473556,542882133,10,0.049829,9.857643,하락
2024-08-26,-571295,546997834,546426539,10,0.006529,9.928531,하락
2024-08-27,65525115,496525921,562051036,9,0.028594,10.241021,하락
2024-08-28,-598289,556908568,556310279,10,-0.010214,10.126206,하락
2024-08-29,-298543,569804812,569506269,10,0.023721,10.390125,하락
2024-08-30,-384184,560981666,560597482,10,-0.015643,10.211950,하락
2024-09-02,66733479,501187194,567920673,9,0.013063,10.358413,하락
2024-09-03,137103936,465362528,602466464,8,0.060829,11.049329,하락
2024-09-04,-562487,584227303,583664816,10,-0.031208,10.673296,하락
2024-09-05,-628167,577132888,576504721,10,-0.012267,10.530094,하락
2024-09-06,-593467,565060946,564467479,10,-0.020880,10.289350,하락
2024-09-09,-651044,564093416,563442372,10,-0.001816,10.268847,하락
2024-09-10,-669590,603544012,602874422,10,0.069984,11.057488,하락
2024-09-11,-653137,585808139,585155002,10,-0.029392,10.703100,하락
2024-09-12,-671286,609560320,608889034,10,0.040560,11.177781,하락
2024-09-13,-625961,601522224,600896263,10,-0.013127,11.017925,하락
2024-09-19,-669896,616945954,616276058,10,0.025595,11.325521,하락
2024-09-20,-567031,598042874,597475843,9,-0.030506,10.949517,하락
2024-09-23,-580063,578233602,577653539,10,-0.033177,10.553071,하락
2024-09-24,-627820,560238660,559610840,10,-0.031234,10.192217,하락
2024-09-25,-603443,522025800,521422357,10,-0.068241,9.428447,하락
2024-09-26,-536142,538458535,537922393,10,0.031644,9.758448,하락
2024-09-27,-404641,521757910,521353269,10,-0.030802,9.427065,하락
2024-09-30,-509236,512076005,511566769,10,-0.018771,9.231335,하락
2024-10-02,94140112,397652798,491792910,8,-0.038654,8.835858,하락
2024-10-04,68966219,451133124,520099343,8,0.057558,9.401987,하락
2024-10-07,-289558,519005580,518716022,10,-0.002660,9.374320,하락
2024-10-08,-360382,503620658,503260276,10,-0.029796,9.065206,하락
2024-10-10,66237671,439295490,505533161,8,0.004516,9.110663,하락
2024-10-11,71508295,452326960,523835255,8,0.036204,9.476705,하락
2024-10-14,46941566,471428615,518370181,7,-0.010433,9.367404,하락
2024-10-15,76470859,443975558,520446417,9,0.004005,9.408928,하락
2024-10-16,34505956,489312183,523818139,9,0.006479,9.476363,하락
2024-10-17,-94092,520932073,520837981,10,-0.005689,9.416760,하락
2024-10-18,82337604,418798801,501136405,8,-0.037827,9.022728,하락
2024-10-21,115897847,388854401,504752248,8,0.007215,9.095045,하락
2024-10-22,66809328,443300887,510110215,8,0.010615,9.202204,하락
2024-10-23,119769571,401293377,521062948,7,0.021471,9.421259,하락
2024-10-24,123020974,411949770,534970744,8,0.026691,9.699415,하락
2024-10-25,66614430,456978211,523592641,8,-0.021269,9.471853,하락
2024-10-28,165494117,368930755,534424872,7,0.020688,9.688497,하락
2024-10-29,46606246,488868665,535474911,9,0.001965,9.709498,하락
2024-10-30,63423624,488571824,551995448,9,0.030852,10.039909,하락
2024-10-31,61107064,471852734,532959798,9,-0.034485,9.659196,하락
2024-11-01,96287192,441733608,538020800,8,0.009496,9.760416,하락
2024-11-04,75221193,470887497,546108690,9,0.015033,9.922174,하락
2024-11-05,-223306,546397494,546174188,10,0.000120,9.923484,하락
2024-11-06,46903166,501338728,548241894,9,0.003786,9.964838,하락
2024-11-07,-117822,543081494,542963672,10,-0.009628,9.859273,상승
2024-11-08,64507378,486013400,550520778,9,0.013918,10.010416,횡보
2024-11-11,-247939,547051247,546803308,10,-0.006753,9.936066,횡보
2024-11-12,98075053,441434398,539509451,8,-0.013339,9.790189,하락
2024-11-13,50786566,475677483,526464049,9,-0.024180,9.529281,하락
2024-11-14,46186061,482931074,529117135,9,0.005039,9.582343,하락
2024-11-15,-131059,525281374,525150315,10,-0.007497,9.503006,하락
2024-11-18,113856851,419580490,533437341,8,0.015780,9.668747,하락
2024-11-19,62636698,477028521,539665219,9,0.011675,9.793304,하락
2024-11-20,61948908,475767620,537716528,9,-0.003611,9.754331,하락
2024-11-21,46405486,471112220,517517706,9,-0.037564,9.350354,하락
2024-11-22,109536405,412963325,522499730,8,0.009627,9.449995,하락
2024-11-25,-456555,537503124,537046569,10,0.027841,9.740931,하락
2024-11-26,-294205,541646262,541352057,10,0.008017,9.827041,하락
2024-11-27,-422426,543385512,542963086,10,0.002976,9.859262,하락
2024-11-28,-255043,531052455,530797412,10,-0.022406,9.615948,하락
2024-11-29,-182625,521796059,521613434,10,-0.017302,9.432269,하락
2024-12-02,182574138,365617060,548191198,7,0.050953,9.963824,하락
2024-12-03,-391904,567703358,567311454,10,0.034879,10.346229,하락
2024-12-04,-346427,533492091,533145664,8,-0.060224,9.662913,하락
2024-12-05,47553631,486556736,534110367,7,0.001809,9.682207,하락
2024-12-06,291293554,277500754,568794308,5,0.064938,10.375886,하락
2024-12-09,232574834,363385750,595960584,5,0.047761,10.919212,하락
2024-12-10,314325759,329871966,644197725,4,0.080940,11.883955,하락
2024-12-11,76599787,579964594,656564381,8,0.019197,12.131288,하락
2024-12-12,126413530,511151501,637565031,8,-0.028938,11.751301,하락
2024-12-13,143693018,501079376,644772394,7,0.011305,11.895448,하락
2024-12-16,153916481,486912545,640829026,8,-0.006116,11.816581,하락
2024-12-17,203638027,453891860,657529887,7,0.026061,12.150598,하락
2024-12-18,140498617,546287030,686785647,8,0.044493,12.735713,하락
2024-12-19,81632164,611264520,692896684,9,0.008898,12.857934,하락
2024-12-20,296313603,410430860,706744463,6,0.019985,13.134889,하락
2024-12-23,-434761,718700435,718265674,8,0.016302,13.365313,하락
2024-12-24,50576585,652292135,702868720,7,-0.021436,13.057374,하락
2024-12-26,-215645,678996705,678781060,10,-0.034270,12.575621,하락
2024-12-27,62754392,597621200,660375592,9,-0.027115,12.207512,하락
2024-12-30,-99852,662011935,661912083,10,0.002327,12.238242,하락
2025-01-02,189119367,519156095,708275462,8,0.070045,13.165509,하락
2025-01-03,117659388,583722800,701382188,8,-0.009732,13.027644,하락
2025-01-06,113849850,575032380,688882230,9,-0.017822,12.777645,하락
2025-01-07,-194082,706321080,706126998,10,0.025033,13.122540,하락
2025-01-08,211147107,502682100,713829207,8,0.010908,13.276584,하락
2025-01-09,56957141,651226330,708183471,9,-0.007909,13.163669,하락
2025-01-10,132748941,601361630,734110571,8,0.036611,13.682211,하락
2025-01-13,-148487,721145904,720997417,10,-0.017863,13.419948,하락
2025-01-14,183738409,540699886,724438295,8,0.004772,13.488766,하락
2025-01-15,51453778,683658336,735112114,9,0.014734,13.702242,하락
2025-01-16,96943837,641665201,738609038,9,0.004757,13.772181,하락
2025-01-17,317871951,443527124,761399075,6,0.030855,14.227982,하락
2025-01-20,-370405,747905357,747534952,10,-0.018209,13.950699,횡보
2025-01-21,72648124,690550717,763198841,9,0.020954,14.263977,하락
2025-01-22,223528960,545457770,768986730,7,0.007584,14.379735,횡보
2025-01-23,229895064,524592955,754488019,7,-0.018854,14.089760,횡보
2025-01-24,278280674,473826810,752107484,6,-0.003155,14.042150,하락
2025-01-31,164352865,606192510,770545375,8,0.024515,14.410907,하락
2025-02-03,68061266,688048560,756109826,9,-0.018734,14.122197,횡보
2025-02-04,-80564,783832900,783752336,10,0.036559,14.675047,하락
2025-02-05,98401163,683763220,782164383,9,-0.002026,14.643288,횡보
2025-02-06,63786123,718239008,782025131,9,-0.000178,14.640503,하락
2025-02-07,62461493,711530924,773992417,9,-0.010272,14.479848,횡보
2025-02-10,161011419,617296467,778307886,8,0.005576,14.566158,횡보
2025-02-11,58419632,719256483,777676115,9,-0.000812,14.553522,상승
2025-02-12,187427870,603419641,790847511,8,0.016937,14.816950,횡보
2025-02-13,-201224,804462780,804261556,10,0.016962,15.085231,상승
2025-02-14,112167679,693329455,805497134,9,0.001536,15.109943,상승
2025-02-17,112183147,726389275,838572422,9,0.041062,15.771448,상승
2025-02-18,-127306,861437835,861310529,10,0.027115,16.226211,상승
2025-02-19,134287945,735866660,870154605,9,0.010268,16.403092,상승
2025-02-20,63785480,775779800,839565280,9,-0.035154,15.791306,상승
2025-02-21,123211247,730364675,853575922,9,0.016688,16.071518,상승
2025-02-24,-114718,846238445,846123727,10,-0.008731,15.922475,상승
2025-02-25,102952907,742625090,845577997,9,-0.000645,15.911560,상승
2025-02-26,166360981,695017600,861378581,8,0.018686,16.227572,상승
2025-02-27,-184741,871570650,871385909,10,0.011618,16.427718,상승
2025-02-28,183971268,663835395,847806663,8,-0.027059,15.956133,상승
2025-03-04,-153962,858213695,858059733,10,0.012094,16.161195,상승
2025-03-05,170762369,711233355,881995724,8,0.027895,16.639914,상승
2025-03-06,209709839,683529545,893239384,8,0.012748,16.864788,상승
2025-03-07,-364713,883727790,883363077,10,-0.011057,16.667262,상승
2025-03-10,407458592,502014300,909472892,6,0.029557,17.189458,상승
2025-03-11,-465937,917285370,916819433,10,0.008078,17.336389,상승
2025-03-12,93106807,810512060,903618867,9,-0.014398,17.072377,상승
2025-03-13,-186118,894148130,893962012,10,-0.010687,16.879240,상승
2025-03-14,67320498,831842470,899162968,9,0.005818,16.983259,상승
2025-03-17,-76703,910433200,910356497,10,0.012449,17.207130,상승
2025-03-18,-76703,909201310,909124607,10,-0.001353,17.182492,상승
2025-03-19,-76703,903851460,903774757,10,-0.005885,17.075495,상승
2025-03-20,79255133,804267720,883522853,9,-0.022408,16.670457,상승
2025-03-21,169231425,695095560,864326985,8,-0.021727,16.286540,상승
2025-03-24,93390960,772689580,866080540,9,0.002029,16.321611,상승
2025-03-25,150448945,682200650,832649595,8,-0.038600,15.652992,상승
2025-03-26,79154422,744901190,824055612,9,-0.010321,15.481112,상승
2025-03-27,216815081,588436240,805251321,7,-0.022819,15.105026,상승
2025-03-28,141678319,645391720,787070039,8,-0.022578,14.741401,상승
2025-03-31,66263692,718274320,784538012,9,-0.003217,14.690760,상승
2025-04-01,-72324,808196340,808124016,10,0.030064,15.162480,횡보
2025-04-02,-72324,805102780,805030456,10,-0.003828,15.100609,상승
2025-04-03,110561497,720437270,830998767,9,0.032258,15.619975,횡보
2025-04-04,322314931,521474760,843789691,7,0.015392,15.875794,횡보
2025-04-07,328306416,499283740,827590156,6,-0.019199,15.551803,하락
2025-04-08,260700185,606278810,866978995,7,0.047595,16.339580,하락
2025-04-09,300071953,574847970,874919923,7,0.009159,16.498398,하락
2025-04-10,342923243,586219200,929142443,6,0.061974,17.582849,하락
2025-04-11,84052542,870294230,954346772,9,0.027126,18.086935,하락
2025-04-14,208605781,760773130,969378911,8,0.015751,18.387578,하락
2025-04-15,205090563,781272080,986362643,8,0.017520,18.727253,횡보
2025-04-16,103030413,846821610,949852023,9,-0.037015,17.997040,횡보
2025-04-17,360994443,616211100,977205543,6,0.028798,18.544111,횡보
2025-04-18,201977423,779989800,981967223,8,0.004873,18.639344,횡보
2025-04-21,327162351,717728345,1044890696,7,0.064079,19.897814,횡보
2025-04-22,129586994,861751040,991338034,9,-0.051252,18.826761,횡보
2025-04-23,472569198,480663050,953232248,5,-0.038439,18.064645,횡보
2025-04-24,118505464,857840590,976346054,9,0.024248,18.526921,횡보
2025-04-25,173422304,796354220,969776524,8,-0.006729,18.395530,횡보
2025-04-28,401419874,566559080,967978954,6,-0.001854,18.359579,횡보
2025-04-29,82338281,874565546,956903827,9,-0.011441,18.138077,횡보
2025-04-30,79454398,866881309,946335707,9,-0.011044,17.926714,상승
2025-05-02,183995029,770783439,954778468,8,0.008922,18.095569,횡보
2025-05-07,115556855,876298200,991855055,9,0.038833,18.837101,횡보
2025-05-08,-133177,994046660,993913483,10,0.002075,18.878270,하락
2025-05-09,310884321,671670124,982554445,7,-0.011429,18.651089,횡보
2025-05-12,91129138,874844469,965973607,9,-0.016875,18.319472,하락
2025-05-13,90036465,875020668,965057133,9,-0.000949,18.301143,하락
2025-05-14,207818930,773489649,981308579,8,0.016840,18.626172,횡보
2025-05-15,-240860,984017557,983776697,10,0.002515,18.675534,횡보
2025-05-16,-266736,999696368,999429632,10,0.015911,18.988593,하락
2025-05-19,208862969,792310381,1001173350,8,0.001745,19.023467,하락
2025-05-20,-254111,1038361197,1038107086,10,0.036890,19.762142,하락
2025-05-21,116862629,929302470,1046165099,9,0.007762,19.923302,하락
2025-05-22,-144287,1043128838,1042984551,10,-0.003040,19.859691,하락
2025-05-23,113454337,961074036,1074528373,9,0.030244,20.490567,하락
2025-05-26,346617947,733666574,1080284521,7,0.005357,20.605690,하락
2025-05-27,-530981,1091787498,1091256517,10,0.010157,20.825130,하락
2025-05-28,238419765,846875680,1085295445,8,-0.005463,20.705909,하락
2025-05-29,-475915,1110325528,1109849613,10,0.022624,21.196992,하락
2025-05-30,124684219,997595570,1122279789,9,0.011200,21.445596,횡보
2025-06-02,124375517,1034862515,1159238032,9,0.032931,22.184761,횡보
2025-06-04,520003445,687806480,1207809925,6,0.041900,23.156198,횡보
2025-06-05,-533695,1215158810,1214625115,10,0.005643,23.292502,상승
2025-06-09,-533695,1231099960,1230566265,10,0.013124,23.611325,상승
2025-06-10,-533695,1215708330,1215174635,10,-0.012508,23.303493,상승
2025-06-11,-533695,1251385190,1250851495,10,0.029359,24.017030,상승
2025-06-12,155628071,1101206330,1256834401,9,0.004783,24.136688,상승
2025-06-13,-180647,1216260340,1216079693,10,-0.032426,23.321594,상승
2025-06-16,157205031,1167660000,1324865031,9,0.089456,25.497301,상승
2025-06-17,275814443,1026380750,1302195193,8,-0.017111,25.043904,상승
2025-06-18,164934590,1166514840,1331449430,9,0.022465,25.628989,상승
2025-06-19,316902157,1048670430,1365572587,8,0.025629,26.311452,상승
2025-06-20,134876763,1254620820,1389497583,9,0.017520,26.789952,상승
2025-06-23,189704844,1233791850,1423496694,9,0.024469,27.469934,상승
2025-06-24,-228927,1430325000,1430096073,10,0.004636,27.601921,상승
2025-06-25,455659522,942469020,1398128542,7,-0.022353,26.962571,상승
2025-06-26,145108605,1232409710,1377518315,9,-0.014741,26.550366,상승
2025-06-27,139313143,1244466700,1383779843,9,0.004546,26.675597,상승
2025-06-30,-168492,1421303210,1421134718,10,0.026995,27.422694,상승
2025-07-01,609367635,886354380,1495722015,6,0.052484,28.914440,상승
2025-07-02,-682476,1446258940,1445576464,10,-0.033526,27.911529,상승
2025-07-03,279268056,1140940610,1420208666,8,-0.017549,27.404173,상승
2025-07-04,279376722,1066367530,1345744252,8,-0.052432,25.914885,상승
2025-07-07,269009493,1117301740,1386311233,8,0.030145,26.726225,상승
2025-07-08,-272189,1447126950,1446854761,10,0.043672,27.937095,상승
2025-07-09,314068629,1187068360,1501136989,8,0.037517,29.022740,상승
2025-07-10,166604528,1387737890,1554342418,9,0.035443,30.086848,상승
2025-07-11,135054163,1401664120,1536718283,9,-0.011339,29.734366,상승
2025-07-14,152932935,1403909490,1556842425,9,0.013096,30.136848,상승
2025-07-15,-183602,1557956500,1557772898,10,0.000598,30.155458,상승
2025-07-16,-175538,1549068140,1548892602,10,-0.005701,29.977852,상승
2025-07-17,-175538,1509931500,1509755962,10,-0.025267,29.195119,상승
2025-07-18,133752363,1353816340,1487568703,9,-0.014696,28.751374,상승
2025-07-21,-165325,1471457100,1471291775,10,-0.010942,28.425835,상승
2025-07-22,-165325,1453355940,1453190615,10,-0.012303,28.063812,상승
2025-07-23,430087186,1047524350,1477611536,7,0.016805,28.552231,상승
2025-07-24,132809623,1330545870,1463355493,9,-0.009648,28.267110,상승
2025-07-25,-147767,1471244130,1471096363,10,0.005290,28.421927,상승
2025-07-28,-147767,1449683720,1449535953,10,-0.014656,27.990719,상승
2025-07-29,259885387,1188150320,1448035707,8,-0.001035,27.960714,상승
2025-07-30,-287223,1447752050,1447464827,10,-0.000394,27.949297,상승
2025-07-31,119100428,1333661940,1452762368,9,0.003660,28.055247,상승
2025-08-01,128206489,1238603240,1366809729,9,-0.059165,26.336195,상승
2025-08-04,131417622,1250602460,1382020082,9,0.011128,26.640402,상승
2025-08-05,-154868,1398444150,1398289282,10,0.011772,26.965786,상승
2025-08-06,-158776,1416332880,1416174104,10,0.012791,27.323482,상승
2025-08-07,-170095,1409994080,1409823985,10,-0.004484,27.196480,상승
2025-08-08,-146295,1400924590,1400778295,10,-0.006416,27.015566,상승
2025-08-11,131581236,1267455680,1399036916,9,-0.001243,26.980738,상승
2025-08-12,-153367,1391816640,1391663273,10,-0.005271,26.833265,상승
2025-08-13,352857538,1019359430,1372216968,7,-0.013973,26.444339,상승
2025-08-14,-452565,1358656600,1358204035,10,-0.010212,26.164081,상승
2025-08-18,-452565,1355205590,1354753025,10,-0.002541,26.095061,상승
2025-08-19,-452565,1332229630,1331777065,10,-0.016960,25.635541,상승
2025-08-20,349993931,957020680,1307014611,7,-0.018594,25.140292,상승
2025-08-21,-381041,1310475630,1310094589,10,0.002356,25.201892,상승
2025-08-22,-381041,1320316750,1319935709,10,0.007512,25.398714,상승
2025-08-25,146140513,1195204910,1341345423,9,0.016220,25.826908,상승
2025-08-26,-172150,1328390460,1328218310,10,-0.009787,25.564366,상승
2025-08-27,-172150,1346572930,1346400780,10,0.013689,25.928016,상승
2025-08-28,152814697,1228582760,1381397457,9,0.025993,26.627949,상승
2025-08-29,182956466,1243104210,1426060676,9,0.032332,27.521214,상승
2025-09-01,-398325,1418952610,1418554285,10,-0.005264,27.371086,상승
2025-09-02,174738480,1241026390,1415764870,9,-0.001966,27.315297,상승
2025-09-03,-287658,1423373710,1423086052,10,0.005171,27.461721,상승
2025-09-04,196103438,1283174560,1479277998,9,0.039486,28.585560,상승
2025-09-05,-241657,1483437780,1483196123,10,0.002649,28.663922,상승
2025-09-08,196097811,1336539550,1532637361,9,0.033334,29.652747,상승
2025-09-09,-240055,1549886690,1549646635,10,0.011098,29.992933,상승
2025-09-10,234785760,1340986960,1575772720,9,0.016859,30.515454,상승
2025-09-11,106886736,1451323330,1558210066,9,-0.011145,30.164201,상승
2025-09-12,355245819,1202714500,1557960319,8,-0.000160,30.159206,상승
2025-09-15,247937063,1324498480,1572435543,8,0.009291,30.448711,상승
2025-09-16,145327943,1439943080,1585271023,9,0.008163,30.705420,상승
2025-09-17,230667405,1389358430,1620025835,9,0.021924,31.400517,상승
2025-09-18,386774404,1269582270,1656356674,8,0.022426,32.127133,상승
2025-09-19,-394343,1645848360,1645454017,10,-0.006582,31.909080,상승
2025-09-22,535581010,1095355470,1630936480,7,-0.008823,31.618730,상승
2025-09-23,388917490,1230042020,1618959510,8,-0.007344,31.379190,상승
2025-09-24,111271281,1520938900,1632210181,9,0.008185,31.644204,상승
2025-09-25,178536400,1441093650,1619630050,9,-0.007707,31.392601,상승
2025-09-26,163792450,1413124360,1576916810,9,-0.026372,30.538336,상승
2025-09-29,-123990,1608651710,1608527720,10,0.020046,31.170554,상승
2025-09-30,212683587,1384140200,1596823787,9,-0.007276,30.936476,상승
2025-10-01,-240686,1610808360,1610567674,10,0.008607,31.211353,상승
2025-10-02,345361470,1322967590,1668329060,8,0.035864,32.366581,상승
2025-10-10,408959480,1285189840,1694149320,8,0.015477,32.882986,상승
2025-10-13,155206626,1545021570,1700228196,9,0.003588,33.004564,상승
2025-10-14,-179535,1667725770,1667546235,10,-0.019222,32.350925,상승
2025-10-15,-179535,1705866870,1705687335,10,0.022873,33.113747,상승
2025-10-16,489939250,1252628010,1742567260,8,0.021622,33.851345,상승
2025-10-17,-584829,1712378820,1711793991,10,-0.017660,33.235880,상승
2025-10-20,370198505,1380952450,1751150955,8,0.022992,34.023019,상승
2025-10-21,-449226,1758470890,1758021664,9,0.003924,34.160433,상승
2025-10-22,-449226,1779042270,1778593044,9,0.011701,34.571861,상승
2025-10-23,132903974,1638592980,1771496954,8,-0.003990,34.429939,상승
2025-10-24,-61746,1798261330,1798199584,10,0.015073,34.963992,상승
2025-10-27,202838312,1643905110,1846743422,9,0.026996,35.934868,상승
2025-10-28,60980769,1762896450,1823877219,9,-0.012382,35.477544,상승
2025-10-29,639802943,1255529690,1895332633,8,0.039178,36.906653,상승
2025-10-30,-775160,1858340670,1857565510,10,-0.019926,36.151310,상승
2025-10-31,479368327,1378782490,1858150817,8,0.000315,36.163016,상승
2025-11-03,224660844,1670909760,1895570604,9,0.020138,36.911412,상승
2025-11-04,-261858,1896411430,1896149572,10,0.000305,36.922991,상승
2025-11-05,348787875,1476267090,1825054965,8,-0.037494,35.501099,상승
2025-11-06,72716409,1817812980,1890529389,9,0.035875,36.810588,상승
2025-11-07,208849093,1656145740,1864994833,9,-0.013507,36.299897,상승
2025-11-10,-252758,1930581480,1930328722,10,0.035032,37.606574,상승
2025-11-11,353617634,1625376100,1978993734,8,0.025211,38.579875,상승
2025-11-12,-342463,2008212360,2007869897,10,0.014591,39.157398,상승
2025-11-13,-342463,1996950430,1996607967,10,-0.005609,38.932159,상승
2025-11-14,162032114,1742648160,1904680274,9,-0.046042,37.093605,상승
2025-11-17,208856289,1777165620,1986021909,9,0.042706,38.720438,상승
2025-11-18,142345555,1783633330,1925978885,9,-0.030233,37.519578,상승
2025-11-19,478630881,1472407840,1951038721,8,0.013011,38.020774,상승
2025-11-20,-494058,1971136270,1970642212,10,0.010048,38.412844,상승
2025-11-21,141338158,1775375290,1916713448,9,-0.027366,37.334269,상승
2025-11-24,428833410,1490094170,1918927580,8,0.001155,37.378552,상승
2025-11-25,-337384,1928842890,1928505506,10,0.004991,37.570110,상승
2025-11-26,286362513,1716649160,2003011673,9,0.038634,39.060233,상승
2025-11-27,250046394,1767738090,2017784484,9,0.007375,39.355690,상승
2025-11-28,262739358,1734018610,1996757968,9,-0.010421,38.935159,상승
2025-12-01,-232146,1991073880,1990841734,10,-0.002963,38.816835,상승
2025-12-02,-232146,2039727110,2039494964,10,0.024439,39.789899,상승
2025-12-03,-232146,2068486360,2068254214,10,0.014101,40.365084,상승
2025-12-04,211666489,1853250930,2064917419,9,-0.001613,40.298348,상승
2025-12-05,-258857,2079863150,2079604293,10,0.007113,40.592086,상승
2025-12-08,503122449,1589155160,2092277609,7,0.006094,40.845552,상승
2025-12-09,194055334,1871367220,2065422554,9,-0.012835,40.308451,상승
2025-12-10,-238120,2045043660,2044805540,10,-0.009982,39.896111,상승
2025-12-11,153850691,1901725970,2055576661,9,0.005268,40.111533,상승
2025-12-12,-187196,2065547490,2065360294,10,0.004760,40.307206,상승
2025-12-15,286339775,1801356100,2087695875,9,0.010814,40.753918,상승
2025-12-16,-348938,2022315950,2021967012,10,-0.031484,39.439340,상승
2025-12-17,177477150,1862877910,2040355060,9,0.009094,39.807101,상승
2025-12-18,677353045,1395109580,2072462625,7,0.015736,40.449253,상승
2025-12-19,-823788,2038972605,2038148817,10,-0.016557,39.762976,상승
2025-12-22,619277856,1440173970,2059451826,7,0.010452,40.189037,상승
2025-12-23,-753535,2015452890,2014699355,10,-0.021730,39.293987,상승
2025-12-24,-223095,1995821100,1995598005,10,-0.009481,38.911960,상승
2025-12-26,420381544,1617793080,2038174624,8,0.021335,39.763492,상승
2025-12-29,196464153,1882084465,2078548618,9,0.019809,40.570972,상승
2025-12-30,933574648,1177067820,2110642468,6,0.015441,41.212849,상승
2026-01-02,250800803,1916482545,2167283348,9,0.026836,42.345667,상승
2026-01-05,214149022,1983108580,2197257602,9,0.013830,42.945152,상승
2026-01-06,184117866,2033075370,2217193236,9,0.009073,43.343865,상승
2026-01-07,-221070,2181871470,2181650400,10,-0.016031,42.633008,상승
2026-01-08,613835579,1502219140,2116054719,7,-0.030067,41.321094,상승
2026-01-09,196016391,1936063610,2132080001,9,0.007573,41.641600,상승
2026-01-12,-242627,2174643250,2174400623,10,0.019849,42.488012,상승
2026-01-13,-242627,2215529680,2215287053,10,0.018804,43.305741,상승
2026-01-14,-242627,2203371640,2203129013,10,-0.005488,43.062580,상승
2026-01-15,-242627,2227847350,2227604723,10,0.011110,43.552094,상승
2026-01-16,794058155,1468146610,2262204765,7,0.015532,44.244095,상승
2026-01-19,244439874,2089110980,2333550854,9,0.031538,45.671017,상승
2026-01-20,-285651,2296566900,2296281249,10,-0.015971,44.925625,상승
2026-01-21,-285651,2383872110,2383586459,10,0.038020,46.671729,상승
2026-01-22,169051492,2156988150,2326039642,9,-0.024143,45.520793,상승
2026-01-23,245180192,2089508220,2334688412,9,0.003718,45.693768,상승
2026-01-26,224315880,2073045140,2297361020,9,-0.015988,44.947220,상승
2026-01-27,450284114,1834365800,2284649914,8,-0.005533,44.692998,상승
2026-01-28,-539862,2327768150,2327228288,10,0.018637,45.544566,상승
2026-01-29,269266098,2121054400,2390320498,9,0.027110,46.806410,상승
2026-01-30,-274507,2384320900,2384046393,10,-0.002625,46.680928,상승
2026-02-02,242930387,2043883200,2286813587,9,-0.040785,44.736272,상승
2026-02-03,-302865,2402017865,2401715000,10,0.050245,47.034300,상승
2026-02-04,-302865,2400996800,2400693935,10,-0.000425,47.013879,상승
2026-02-05,-302865,2346074740,2345771875,10,-0.022878,45.915437,상승
2026-02-06,586208278,1677448025,2263656303,7,-0.035006,44.273126,상승
2026-02-09,-562309,2368638730,2368076421,10,0.046129,46.361528,상승
2026-02-10,-562309,2409438300,2408875991,10,0.017229,47.177520,상승
2026-02-11,200215205,2202062080,2402277285,9,-0.002739,47.045546,상승
2026-02-12,-249463,2406490410,2406240947,10,0.001650,47.124819,상승
2026-02-13,-249463,2427509990,2427260527,10,0.008735,47.545211,상승
2026-02-19,631683871,1859925080,2491608951,8,0.026511,48.832179,상승
2026-02-20,-658570,2516566775,2515908205,10,0.009752,49.318164,상승
2026-02-23,668923233,1922373280,2591296513,8,0.029965,50.825930,상승
2026-02-24,-701753,2597157395,2596455642,10,0.001991,50.929113,상승
2026-02-25,540668467,2060208810,2600877277,8,0.001703,51.017546,상승
2026-02-26,-393516,2651460570,2651067054,10,0.019297,52.021341,
